red_1_comps_attended,red_1_trueskill,red_1_opr,red_1_dpr,red_1_wp_per_match,red_2_comps_attended,red_2_trueskill,red_2_opr,red_2_dpr,red_2_wp_per_match,blue_1_comps_attended,blue_1_trueskill,blue_1_opr,blue_1_dpr,blue_1_wp_per_match,blue_2_comps_attended,blue_2_trueskill,blue_2_opr,blue_2_dpr,blue_2_wp_per_match,red_score,blue_score
4.0,18.6,9.2,9.2,1.1,3.0,19.2,4.3,1.5,1.2,3.0,18.5,2.4,5.3,0.9,3.0,14.7,3.2,5.9,0.8,22,3
3.0,19.3,4.2,3.0,1.4,3.0,18.0,5.4,5.3,0.9,4.0,19.5,8.7,7.1,1.2,5.0,20.7,7.1,5.0,1.1,0,21
2.0,13.0,2.5,9.2,0.6,3.0,17.7,-0.5,5.9,0.8,4.0,21.5,9.5,8.0,1.2,4.0,22.9,14.3,7.0,1.4,0,21
3.0,14.7,3.2,5.9,0.8,5.0,20.7,7.1,5.0,1.1,2.0,15.2,4.7,5.7,0.8,4.0,18.6,9.2,9.2,1.1,9,6
4.0,22.9,14.3,7.0,1.4,3.0,18.5,2.4,5.3,0.9,3.0,17.7,-0.5,5.9,0.8,3.0,19.3,4.2,3.0,1.4,22,3
3.0,18.0,5.4,5.3,0.9,2.0,14.6,1.8,8.9,0.9,3.0,19.2,4.3,1.5,1.2,2.0,13.0,2.5,9.2,0.6,9,6
4.0,22.9,14.3,7.0,1.4,2.0,13.0,2.5,9.2,0.6,3.0,18.0,5.4,5.3,0.9,2.0,15.2,4.7,5.7,0.8,9,24
4.0,21.5,9.5,8.0,1.2,5.0,20.7,7.1,5.0,1.1,4.0,18.6,9.2,9.2,1.1,3.0,17.7,-0.5,5.9,0.8,28,5
3.0,19.3,4.2,3.0,1.4,4.0,19.5,8.7,7.1,1.2,5.0,23.3,13.8,4.4,1.6,3.0,19.2,4.3,1.5,1.2,7,23
3.0,17.7,-0.5,5.9,0.8,3.0,18.0,5.4,5.3,0.9,5.0,20.7,7.1,5.0,1.1,2.0,14.6,1.8,8.9,0.9,11,0
3.0,18.5,2.4,5.3,0.9,4.0,18.6,9.2,9.2,1.1,4.0,22.9,14.3,7.0,1.4,5.0,23.3,13.8,4.4,1.6,11,28
4.0,21.5,9.5,8.0,1.2,2.0,15.2,4.7,5.7,0.8,3.0,19.3,4.2,3.0,1.4,3.0,19.2,4.3,1.5,1.2,10,13
4.0,22.9,14.3,7.0,1.4,4.0,19.5,8.7,7.1,1.2,2.0,14.6,1.8,8.9,0.9,4.0,18.6,9.2,9.2,1.1,32,13
5.0,23.3,13.8,4.4,1.6,3.0,19.3,4.2,3.0,1.4,3.0,14.7,3.2,5.9,0.8,5.0,20.7,7.1,5.0,1.1,21,10
3.0,19.2,4.3,1.5,1.2,4.0,21.5,9.5,8.0,1.2,3.0,18.0,5.4,5.3,0.9,3.0,18.5,2.4,5.3,0.9,0,9
2.0,14.6,1.8,8.9,0.9,4.0,22.9,14.3,7.0,1.4,3.0,14.7,3.2,5.9,0.8,4.0,21.5,9.5,8.0,1.2,14,22
5.0,20.7,7.1,5.0,1.1,5.0,23.3,13.8,4.4,1.6,3.0,18.5,2.4,5.3,0.9,2.0,13.0,2.5,9.2,0.6,23,7
2.0,15.2,4.7,5.7,0.8,3.0,19.2,4.3,1.5,1.2,4.0,19.5,8.7,7.1,1.2,3.0,17.7,-0.5,5.9,0.8,9,10
4.0,21.5,9.5,8.0,1.2,3.0,18.5,2.4,5.3,0.9,4.0,19.5,8.7,7.1,1.2,2.0,15.2,4.7,5.7,0.8,8,6
3.0,18.0,5.4,5.3,0.9,3.0,17.7,-0.5,5.9,0.8,3.0,14.7,3.2,5.9,0.8,5.0,23.3,13.8,4.4,1.6,12,0
2.0,13.0,2.5,9.2,0.6,2.0,14.6,1.8,8.9,0.9,3.0,19.3,4.2,3.0,1.4,4.0,18.6,9.2,9.2,1.1,0,14
4.0,19.5,8.7,7.1,1.2,4.0,21.5,9.5,8.0,1.2,5.0,20.7,7.1,5.0,1.1,3.0,17.7,-0.5,5.9,0.8,29,12
3.0,18.0,5.4,5.3,0.9,3.0,19.2,4.3,1.5,1.2,3.0,18.5,2.4,5.3,0.9,3.0,14.7,3.2,5.9,0.8,9,4
3.0,19.3,4.2,3.0,1.4,4.0,18.6,9.2,9.2,1.1,2.0,14.6,1.8,8.9,0.9,2.0,15.2,4.7,5.7,0.8,16,0
2.0,13.5,3.0,9.2,0.6,4.0,21.5,15.4,8.8,1.3,5.0,21.1,12.0,10.0,1.4,6.0,22.2,10.8,9.1,1.6,15,16
7.0,24.0,13.6,6.0,1.4,2.0,15.3,1.5,14.0,0.5,5.0,22.2,8.4,7.7,1.3,7.0,24.7,18.0,4.8,1.8,14,30
2.0,13.3,0.8,21.0,0.2,2.0,15.2,3.8,8.1,0.9,3.0,17.1,4.0,11.7,0.7,4.0,20.6,11.6,9.3,1.1,6,24
3.0,19.7,10.5,10.8,0.8,6.0,21.5,9.0,10.0,1.1,4.0,16.2,4.5,9.1,0.9,6.0,27.1,19.9,11.6,2.0,23,36
2.0,14.9,4.6,12.0,0.3,3.0,22.5,14.1,6.7,1.3,2.0,14.0,1.5,13.3,1.0,4.0,20.2,2.8,8.2,0.5,21,0
6.0,21.3,13.1,9.7,1.2,3.0,19.7,10.5,10.8,0.8,7.0,24.0,13.6,6.0,1.4,2.0,13.5,3.0,9.2,0.6,22,32
6.0,27.1,19.9,11.6,2.0,4.0,16.2,4.5,9.1,0.9,3.0,22.5,14.1,6.7,1.3,5.0,21.1,12.0,10.0,1.4,38,28
5.0,22.2,8.4,7.7,1.3,6.0,22.2,10.8,9.1,1.6,2.0,13.3,0.8,21.0,0.2,4.0,20.2,2.8,8.2,0.5,28,8
2.0,15.2,3.8,8.1,0.9,4.0,21.5,15.4,8.8,1.3,6.0,21.3,13.1,9.7,1.2,6.0,21.5,9.0,10.0,1.1,16,25
4.0,20.6,11.6,9.3,1.1,3.0,17.1,4.0,11.7,0.7,2.0,15.3,1.5,14.0,0.5,2.0,14.9,4.6,12.0,0.3,37,4
2.0,14.0,1.5,13.3,1.0,7.0,24.7,18.0,4.8,1.8,2.0,15.2,3.8,8.1,0.9,3.0,19.7,10.5,10.8,0.8,24,24
3.0,17.1,4.0,11.7,0.7,3.0,22.5,14.1,6.7,1.3,4.0,21.5,15.4,8.8,1.3,5.0,22.2,8.4,7.7,1.3,21,33
4.0,20.6,11.6,9.3,1.1,2.0,15.3,1.5,14.0,0.5,6.0,21.5,9.0,10.0,1.1,2.0,13.5,3.0,9.2,0.6,14,9
2.0,14.9,4.6,12.0,0.3,6.0,22.2,10.8,9.1,1.6,6.0,21.3,13.1,9.7,1.2,7.0,24.7,18.0,4.8,1.8,9,32
2.0,14.0,1.5,13.3,1.0,7.0,24.0,13.6,6.0,1.4,4.0,16.2,4.5,9.1,0.9,2.0,13.3,0.8,21.0,0.2,23,3
5.0,21.1,12.0,10.0,1.4,4.0,20.2,2.8,8.2,0.5,6.0,27.1,19.9,11.6,2.0,2.0,13.5,3.0,9.2,0.6,15,24
7.0,24.7,18.0,4.8,1.8,4.0,16.2,4.5,9.1,0.9,4.0,20.6,11.6,9.3,1.1,4.0,21.5,15.4,8.8,1.3,10,24
6.0,27.1,19.9,11.6,2.0,2.0,15.2,3.8,8.1,0.9,6.0,22.2,10.8,9.1,1.6,7.0,24.0,13.6,6.0,1.4,16,22
6.0,21.3,13.1,9.7,1.2,4.0,20.2,2.8,8.2,0.5,3.0,22.5,14.1,6.7,1.3,2.0,15.3,1.5,14.0,0.5,29,4
5.0,22.2,8.4,7.7,1.3,6.0,21.5,9.0,10.0,1.1,2.0,14.0,1.5,13.3,1.0,3.0,17.1,4.0,11.7,0.7,7,12
2.0,13.3,0.8,21.0,0.2,5.0,21.1,12.0,10.0,1.4,2.0,14.9,4.6,12.0,0.3,3.0,19.7,10.5,10.8,0.8,21,20
4.0,16.2,4.5,9.1,0.9,2.0,13.5,3.0,9.2,0.6,2.0,15.2,3.8,8.1,0.9,3.0,17.1,4.0,11.7,0.7,3,16
2.0,13.3,0.8,21.0,0.2,5.0,22.2,8.4,7.7,1.3,6.0,27.1,19.9,11.6,2.0,6.0,21.3,13.1,9.7,1.2,0,44
6.0,22.2,10.8,9.1,1.6,2.0,15.3,1.5,14.0,0.5,3.0,19.7,10.5,10.8,0.8,3.0,22.5,14.1,6.7,1.3,23,18
7.0,24.0,13.6,6.0,1.4,4.0,20.2,2.8,8.2,0.5,2.0,14.9,4.6,12.0,0.3,6.0,21.5,9.0,10.0,1.1,11,6
7.0,24.7,18.0,4.8,1.8,5.0,21.1,12.0,10.0,1.4,4.0,20.6,11.6,9.3,1.1,2.0,14.0,1.5,13.3,1.0,13,10
4.0,21.5,15.4,8.8,1.3,4.0,16.2,4.5,9.1,0.9,2.0,15.3,1.5,14.0,0.5,2.0,13.3,0.8,21.0,0.2,24,0
4.0,20.6,11.6,9.3,1.1,6.0,21.3,13.1,9.7,1.2,3.0,19.7,10.5,10.8,0.8,5.0,22.2,8.4,7.7,1.3,11,23
2.0,13.5,3.0,9.2,0.6,2.0,14.0,1.5,13.3,1.0,6.0,22.2,10.8,9.1,1.6,4.0,21.5,15.4,8.8,1.3,4,40
3.0,17.1,4.0,11.7,0.7,6.0,27.1,19.9,11.6,2.0,7.0,24.7,18.0,4.8,1.8,4.0,20.2,2.8,8.2,0.5,4,37
2.0,14.9,4.6,12.0,0.3,6.0,21.5,9.0,10.0,1.1,2.0,15.2,3.8,8.1,0.9,3.0,22.5,14.1,6.7,1.3,14,23
5.0,21.1,12.0,10.0,1.4,7.0,24.0,13.6,6.0,1.4,3.0,17.1,4.0,11.7,0.7,6.0,21.3,13.1,9.7,1.2,25,3
3.0,22.5,14.1,6.7,1.3,7.0,24.7,18.0,4.8,1.8,2.0,13.5,3.0,9.2,0.6,2.0,13.3,0.8,21.0,0.2,36,3
5.0,22.2,8.4,7.7,1.3,2.0,15.3,1.5,14.0,0.5,5.0,21.1,12.0,10.0,1.4,2.0,15.2,3.8,8.1,0.9,6,19
2.0,14.0,1.5,13.3,1.0,4.0,20.6,11.6,9.3,1.1,4.0,16.2,4.5,9.1,0.9,4.0,20.2,2.8,8.2,0.5,10,9
2.0,14.9,4.6,12.0,0.3,4.0,21.5,15.4,8.8,1.3,7.0,24.0,13.6,6.0,1.4,6.0,27.1,19.9,11.6,2.0,27,44
3.0,19.7,10.5,10.8,0.8,6.0,22.2,10.8,9.1,1.6,6.0,21.5,9.0,10.0,1.1,3.0,17.1,4.0,11.7,0.7,28,4
6.0,21.3,13.1,9.7,1.2,6.0,27.1,19.9,11.6,2.0,2.0,15.3,1.5,14.0,0.5,2.0,14.0,1.5,13.3,1.0,42,0
2.0,13.3,0.8,21.0,0.2,6.0,21.5,9.0,10.0,1.1,7.0,24.7,18.0,4.8,1.8,5.0,21.1,12.0,10.0,1.4,10,45
2.0,13.5,3.0,9.2,0.6,2.0,14.9,4.6,12.0,0.3,4.0,16.2,4.5,9.1,0.9,5.0,22.2,8.4,7.7,1.3,3,6
3.0,22.5,14.1,6.7,1.3,4.0,20.6,11.6,9.3,1.1,7.0,24.0,13.6,6.0,1.4,6.0,22.2,10.8,9.1,1.6,30,6
4.0,20.2,2.8,8.2,0.5,3.0,19.7,10.5,10.8,0.8,4.0,21.5,15.4,8.8,1.3,2.0,15.2,3.8,8.1,0.9,10,19
7.0,24.7,18.0,4.8,1.8,6.0,27.1,19.9,11.6,2.0,3.0,17.1,4.0,11.7,0.7,4.0,20.2,2.8,8.2,0.5,29,1
5.0,21.1,12.0,10.0,1.4,4.0,20.6,11.6,9.3,1.1,4.0,21.5,15.4,8.8,1.3,3.0,22.5,14.1,6.7,1.3,0,18
6.0,22.2,10.8,9.1,1.6,6.0,21.3,13.1,9.7,1.2,2.0,15.2,3.8,8.1,0.9,2.0,14.0,1.5,13.3,1.0,41,0
7.0,24.0,13.6,6.0,1.4,5.0,22.2,8.4,7.7,1.3,4.0,16.2,4.5,9.1,0.9,6.0,21.5,9.0,10.0,1.1,32,12
4.0,21.5,14.2,8.2,1.4,3.0,20.7,11.5,13.0,1.1,4.0,21.8,17.5,10.2,1.5,3.0,21.9,17.3,5.6,2.2,13,35
2.0,3.5,7.8,19.9,0.0,6.0,25.2,17.2,12.1,2.0,5.0,20.3,7.7,14.1,1.0,5.0,21.7,10.8,11.2,1.0,25,32
3.0,20.9,10.7,15.1,0.9,4.0,19.4,13.2,16.5,0.9,4.0,19.8,14.0,8.8,1.6,3.0,13.1,11.6,18.1,1.0,32,35
2.0,3.0,11.2,19.5,0.0,2.0,11.5,8.8,18.5,0.4,3.0,10.4,14.0,14.2,0.8,2.0,13.4,8.8,11.0,1.0,20,38
3.0,12.9,11.5,9.8,0.9,4.0,22.3,15.8,14.3,0.9,3.0,13.3,9.3,17.5,0.9,5.0,23.9,18.8,10.4,1.6,31,38
4.0,22.1,13.5,14.5,1.0,2.0,14.1,-1.4,13.3,0.6,4.0,21.6,12.1,16.8,0.8,3.0,10.6,10.4,17.7,0.8,26,34
2.0,6.9,-15.0,37.9,0.0,6.0,22.8,15.0,9.1,1.3,4.0,22.9,21.0,12.1,1.7,5.0,21.7,10.9,14.5,1.3,0,47
3.0,11.5,2.3,9.2,1.0,7.0,23.0,11.9,10.5,1.3,5.0,20.3,7.7,14.1,1.0,3.0,21.9,17.3,5.6,2.2,25,41
5.0,23.9,18.8,10.4,1.6,4.0,24.4,16.2,11.1,1.6,2.0,3.5,7.8,19.9,0.0,4.0,21.5,14.2,8.2,1.4,47,17
4.0,19.8,14.0,8.8,1.6,3.0,10.4,14.0,14.2,0.8,3.0,13.3,9.3,17.5,0.9,3.0,11.7,6.0,15.1,0.6,32,23
3.0,10.6,10.4,17.7,0.8,6.0,25.2,17.2,12.1,2.0,2.0,3.0,11.2,19.5,0.0,6.0,22.8,15.0,9.1,1.3,40,30
4.0,22.9,21.0,12.1,1.7,5.0,22.6,12.8,12.6,1.5,3.0,20.7,11.5,13.0,1.1,5.0,21.3,11.9,10.3,1.1,36,31
3.0,13.1,11.6,18.1,1.0,4.0,21.8,17.5,10.2,1.5,4.0,22.3,15.8,14.3,0.9,4.0,21.6,12.1,16.8,0.8,22,36
7.0,23.0,11.9,10.5,1.3,5.0,22.3,9.9,11.7,1.1,3.0,12.9,11.5,9.8,0.9,4.0,19.4,13.2,16.5,0.9,21,39
3.0,11.7,6.0,15.1,0.6,5.0,20.3,7.7,14.1,1.0,5.0,23.9,18.8,10.4,1.6,5.0,21.3,11.9,10.3,1.1,15,30
4.0,22.3,15.8,14.3,0.9,4.0,19.8,14.0,8.8,1.6,3.0,20.7,11.5,13.0,1.1,6.0,25.3,24.8,8.1,2.1,39,32
4.0,21.5,14.2,8.2,1.4,3.0,11.5,2.3,9.2,1.0,3.0,10.4,14.0,14.2,0.8,6.0,25.2,17.2,12.1,2.0,32,22
2.0,14.1,-1.4,13.3,0.6,3.0,20.9,10.7,15.1,0.9,7.0,23.0,11.9,10.5,1.3,5.0,21.7,10.9,14.5,1.3,17,40
3.0,21.9,17.3,5.6,2.2,2.0,8.2,10.1,2.5,0.8,4.0,22.9,21.0,12.1,1.7,2.0,3.0,11.2,19.5,0.0,36,36
3.0,13.3,9.3,17.5,0.9,2.0,3.5,7.8,19.9,0.0,6.0,22.8,15.0,9.1,1.3,4.0,19.4,13.2,16.5,0.9,3,50
5.0,22.6,12.8,12.6,1.5,2.0,13.4,8.8,11.0,1.0,4.0,22.1,13.5,14.5,1.0,3.0,12.9,11.5,9.8,0.9,32,21
2.0,11.5,8.8,18.5,0.4,4.0,21.8,17.5,10.2,1.5,5.0,23.9,18.8,10.4,1.6,2.0,14.1,-1.4,13.3,0.6,20,44
4.0,21.6,12.1,16.8,0.8,4.0,22.9,21.0,12.1,1.7,3.0,11.5,2.3,9.2,1.0,3.0,20.9,10.7,15.1,0.9,45,0
3.0,12.9,11.5,9.8,0.9,5.0,21.7,10.9,14.5,1.3,3.0,13.1,11.6,18.1,1.0,3.0,11.7,6.0,15.1,0.6,39,27
2.0,3.0,11.2,19.5,0.0,6.0,25.3,24.8,8.1,2.1,7.0,23.0,11.9,10.5,1.3,2.0,3.5,7.8,19.9,0.0,29,26
6.0,22.8,15.0,9.1,1.3,3.0,10.4,14.0,14.2,0.8,4.0,21.8,17.5,10.2,1.5,2.0,8.2,10.1,2.5,0.8,30,37
3.0,21.9,17.3,5.6,2.2,4.0,22.1,13.5,14.5,1.0,5.0,21.7,10.8,11.2,1.0,2.0,11.5,8.8,18.5,0.4,34,16
4.0,19.4,13.2,16.5,0.9,4.0,21.5,14.2,8.2,1.4,5.0,22.6,12.8,12.6,1.5,3.0,10.6,10.4,17.7,0.8,15,45
4.0,24.4,16.2,11.1,1.6,4.0,21.6,12.1,16.8,0.8,3.0,12.9,11.5,9.8,0.9,6.0,25.2,17.2,12.1,2.0,40,28
5.0,20.3,7.7,14.1,1.0,2.0,3.0,11.2,19.5,0.0,5.0,21.7,10.9,14.5,1.3,5.0,22.3,9.9,11.7,1.1,32,24
4.0,19.4,13.2,16.5,0.9,4.0,22.1,13.5,14.5,1.0,3.0,11.5,2.3,9.2,1.0,4.0,21.8,17.5,10.2,1.5,44,17
2.0,8.2,10.1,2.5,0.8,3.0,13.1,11.6,18.1,1.0,5.0,21.7,10.8,11.2,1.0,6.0,25.3,24.8,8.1,2.1,28,37
5.0,21.3,11.9,10.3,1.1,2.0,6.9,-15.0,37.9,0.0,4.0,21.5,14.2,8.2,1.4,3.0,13.3,9.3,17.5,0.9,31,30
3.0,21.9,17.3,5.6,2.2,6.0,22.8,15.0,9.1,1.3,5.0,22.6,12.8,12.6,1.5,3.0,20.9,10.7,15.1,0.9,34,24
7.0,23.0,11.9,10.5,1.3,3.0,13.3,9.3,17.5,0.9,4.0,21.6,12.1,16.8,0.8,5.0,21.7,10.8,11.2,1.0,22,33
5.0,21.3,11.9,10.3,1.1,5.0,21.7,10.9,14.5,1.3,4.0,24.4,16.2,11.1,1.6,2.0,11.5,8.8,18.5,0.4,22,14
3.0,20.7,11.5,13.0,1.1,3.0,11.5,2.3,9.2,1.0,5.0,22.3,9.9,11.7,1.1,2.0,8.2,10.1,2.5,0.8,25,20
2.0,13.4,8.8,11.0,1.0,3.0,11.7,6.0,15.1,0.6,3.0,21.9,17.3,5.6,2.2,2.0,6.9,-15.0,37.9,0.0,36,31
5.0,22.6,12.8,12.6,1.5,3.0,13.1,11.6,18.1,1.0,3.0,10.4,14.0,14.2,0.8,2.0,3.5,7.8,19.9,0.0,31,25
4.0,19.4,13.2,16.5,0.9,4.0,21.6,12.1,16.8,0.8,5.0,21.7,10.9,14.5,1.3,3.0,21.9,17.3,5.6,2.2,30,33
2.0,8.2,10.1,2.5,0.8,5.0,21.3,11.9,10.3,1.1,2.0,3.5,7.8,19.9,0.0,4.0,22.1,13.5,14.5,1.0,14,30
3.0,10.6,10.4,17.7,0.8,2.0,11.5,8.8,18.5,0.4,3.0,13.1,11.6,18.1,1.0,5.0,20.3,7.7,14.1,1.0,17,34
3.0,11.5,2.3,9.2,1.0,4.0,24.4,16.2,11.1,1.6,4.0,19.8,14.0,8.8,1.6,2.0,3.0,11.2,19.5,0.0,40,30
3.0,10.4,14.0,14.2,0.8,3.0,12.9,11.5,9.8,0.9,2.0,6.9,-15.0,37.9,0.0,3.0,20.7,11.5,13.0,1.1,30,39
5.0,23.9,18.8,10.4,1.6,5.0,22.6,12.8,12.6,1.5,6.0,25.2,17.2,12.1,2.0,7.0,23.0,11.9,10.5,1.3,39,31
2.0,14.1,-1.4,13.3,0.6,6.0,22.8,15.0,9.1,1.3,3.0,13.1,11.6,18.1,1.0,3.0,11.5,2.3,9.2,1.0,33,23
4.0,22.3,15.8,14.3,0.9,5.0,21.7,10.9,14.5,1.3,4.0,21.5,14.2,8.2,1.4,2.0,8.2,10.1,2.5,0.8,28,25
6.0,25.3,24.8,8.1,2.1,6.0,22.8,15.0,9.1,1.3,4.0,24.4,16.2,11.1,1.6,2.0,13.4,8.8,11.0,1.0,35,28
5.0,20.3,7.7,14.1,1.0,2.0,6.9,-15.0,37.9,0.0,5.0,22.6,12.8,12.6,1.5,4.0,21.6,12.1,16.8,0.8,36,34
3.0,20.9,10.7,15.1,0.9,5.0,21.7,10.8,11.2,1.0,5.0,21.3,11.9,10.3,1.1,4.0,21.8,17.5,10.2,1.5,30,27
3.0,11.7,6.0,15.1,0.6,3.0,20.7,11.5,13.0,1.1,6.0,25.2,17.2,12.1,2.0,2.0,14.1,-1.4,13.3,0.6,20,41
4.0,22.9,21.0,12.1,1.7,6.0,25.3,24.8,8.1,2.1,4.0,19.8,14.0,8.8,1.6,3.0,13.1,11.6,18.1,1.0,27,34
5.0,21.7,10.8,11.2,1.0,4.0,22.1,13.5,14.5,1.0,4.0,24.4,16.2,11.1,1.6,6.0,25.2,17.2,12.1,2.0,28,35
5.0,20.3,7.7,14.1,1.0,4.0,21.6,12.1,16.8,0.8,5.0,21.7,10.9,14.5,1.3,5.0,21.3,11.9,10.3,1.1,41,28
6.0,22.8,15.0,9.1,1.3,3.0,20.7,11.5,13.0,1.1,4.0,19.8,14.0,8.8,1.6,3.0,13.1,11.6,18.1,1.0,22,36
5.0,21.7,10.8,11.2,1.0,4.0,22.1,13.5,14.5,1.0,2.0,14.1,-1.4,13.3,0.6,7.0,23.0,11.9,10.5,1.3,40,30
4.0,22.3,15.8,14.3,0.9,4.0,19.4,13.2,16.5,0.9,3.0,21.9,17.3,5.6,2.2,5.0,22.6,12.8,12.6,1.5,42,35
5.0,21.7,10.9,14.5,1.3,5.0,21.3,11.9,10.3,1.1,2.0,6.9,-15.0,37.9,0.0,3.0,10.6,10.4,17.7,0.8,39,33
7.0,22.5,12.8,10.4,1.4,4.0,17.4,12.1,21.2,0.9,4.0,19.2,13.3,12.0,1.2,7.0,20.2,8.2,10.7,0.9,28,38
3.0,23.5,17.6,11.5,1.4,10.0,21.2,5.3,9.9,1.0,10.0,25.0,16.1,10.0,1.5,7.0,22.2,10.8,11.7,1.1,24,33
10.0,26.6,21.6,4.1,2.1,15.0,28.2,22.5,4.8,2.4,2.0,21.1,5.5,5.9,0.8,9.0,23.3,12.4,9.6,1.5,41,12
9.0,22.2,13.4,11.8,1.2,6.0,19.3,6.8,12.3,0.9,2.0,16.5,9.1,16.7,0.6,8.0,26.2,20.5,6.0,2.0,4,40
2.0,20.2,2.3,9.8,0.9,3.0,20.1,10.7,12.3,1.5,3.0,18.2,8.8,13.1,1.0,3.0,17.1,3.2,13.6,0.6,16,9
9.0,18.9,3.3,13.3,0.6,4.0,20.3,12.6,10.9,1.0,4.0,18.7,11.0,11.4,1.2,3.0,23.0,9.7,5.5,1.1,27,14
8.0,23.5,14.2,7.7,1.7,6.0,23.4,13.7,7.5,1.4,6.0,23.0,10.7,9.9,1.2,6.0,21.2,9.7,13.1,1.0,32,18
2.0,15.4,7.3,17.4,0.4,8.0,21.5,12.2,9.3,1.2,2.0,24.0,12.5,2.3,1.6,6.0,22.0,13.7,11.8,1.3,14,22
4.0,17.4,12.1,21.2,0.9,8.0,26.2,20.5,6.0,2.0,15.0,28.2,22.5,4.8,2.4,3.0,20.1,10.7,12.3,1.5,25,40
3.0,17.1,3.2,13.6,0.6,2.0,21.1,5.5,5.9,0.8,4.0,20.3,12.6,10.9,1.0,10.0,25.0,16.1,10.0,1.5,12,36
7.0,22.2,10.8,11.7,1.1,9.0,23.3,12.4,9.6,1.5,2.0,16.5,9.1,16.7,0.6,6.0,23.0,10.7,9.9,1.2,11,31
2.0,24.0,12.5,2.3,1.6,6.0,21.2,9.7,13.1,1.0,2.0,20.2,2.3,9.8,0.9,9.0,22.2,13.4,11.8,1.2,34,28
6.0,22.0,13.7,11.8,1.3,10.0,21.2,5.3,9.9,1.0,6.0,19.3,6.8,12.3,0.9,7.0,22.5,12.8,10.4,1.4,43,17
7.0,20.2,8.2,10.7,0.9,4.0,18.7,11.0,11.4,1.2,9.0,18.9,3.3,13.3,0.6,3.0,18.2,8.8,13.1,1.0,36,18
3.0,23.0,9.7,5.5,1.1,6.0,23.4,13.7,7.5,1.4,2.0,15.4,7.3,17.4,0.4,8.0,21.5,12.2,9.3,1.2,33,28
4.0,19.2,13.3,12.0,1.2,3.0,23.5,17.6,11.5,1.4,10.0,26.6,21.6,4.1,2.1,8.0,23.5,14.2,7.7,1.7,25,44
6.0,22.0,13.7,11.8,1.3,2.0,16.5,9.1,16.7,0.6,4.0,17.4,12.1,21.2,0.9,10.0,21.2,5.3,9.9,1.0,27,25
10.0,25.0,16.1,10.0,1.5,9.0,23.3,12.4,9.6,1.5,4.0,18.7,11.0,11.4,1.2,9.0,22.2,13.4,11.8,1.2,27,13
6.0,21.2,9.7,13.1,1.0,3.0,23.0,9.7,5.5,1.1,15.0,28.2,22.5,4.8,2.4,2.0,24.0,12.5,2.3,1.6,21,39
2.0,15.4,7.3,17.4,0.4,2.0,21.1,5.5,5.9,0.8,3.0,23.5,17.6,11.5,1.4,7.0,20.2,8.2,10.7,0.9,9,35
6.0,23.0,10.7,9.9,1.2,3.0,18.2,8.8,13.1,1.0,7.0,22.5,12.8,10.4,1.4,10.0,26.6,21.6,4.1,2.1,26,39
9.0,18.9,3.3,13.3,0.6,2.0,20.2,2.3,9.8,0.9,6.0,23.4,13.7,7.5,1.4,3.0,20.1,10.7,12.3,1.5,3,42
3.0,17.1,3.2,13.6,0.6,8.0,23.5,14.2,7.7,1.7,8.0,21.5,12.2,9.3,1.2,8.0,26.2,20.5,6.0,2.0,10,30
6.0,19.3,6.8,12.3,0.9,7.0,22.2,10.8,11.7,1.1,4.0,19.2,13.3,12.0,1.2,4.0,20.3,12.6,10.9,1.0,13,28
10.0,21.2,5.3,9.9,1.0,7.0,22.5,12.8,10.4,1.4,3.0,23.0,9.7,5.5,1.1,9.0,23.3,12.4,9.6,1.5,13,30
10.0,25.0,16.1,10.0,1.5,10.0,26.6,21.6,4.1,2.1,9.0,18.9,3.3,13.3,0.6,2.0,16.5,9.1,16.7,0.6,39,6
8.0,23.5,14.2,7.7,1.7,2.0,24.0,12.5,2.3,1.6,4.0,17.4,12.1,21.2,0.9,2.0,21.1,5.5,5.9,0.8,51,16
3.0,18.2,8.8,13.1,1.0,8.0,26.2,20.5,6.0,2.0,7.0,22.2,10.8,11.7,1.1,6.0,21.2,9.7,13.1,1.0,32,16
3.0,20.1,10.7,12.3,1.5,4.0,20.3,12.6,10.9,1.0,8.0,21.5,12.2,9.3,1.2,7.0,20.2,8.2,10.7,0.9,23,11
4.0,19.2,13.3,12.0,1.2,9.0,22.2,13.4,11.8,1.2,6.0,22.0,13.7,11.8,1.3,6.0,23.4,13.7,7.5,1.4,29,31
15.0,28.2,22.5,4.8,2.4,6.0,19.3,6.8,12.3,0.9,2.0,20.2,2.3,9.8,0.9,3.0,23.5,17.6,11.5,1.4,33,24
4.0,18.7,11.0,11.4,1.2,6.0,23.0,10.7,9.9,1.2,2.0,15.4,7.3,17.4,0.4,3.0,17.1,3.2,13.6,0.6,34,7
3.0,20.1,10.7,12.3,1.5,2.0,16.5,9.1,16.7,0.6,8.0,23.5,14.2,7.7,1.7,10.0,25.0,16.1,10.0,1.5,18,40
9.0,22.2,13.4,11.8,1.2,3.0,23.0,9.7,5.5,1.1,10.0,26.6,21.6,4.1,2.1,4.0,17.4,12.1,21.2,0.9,22,44
15.0,28.2,22.5,4.8,2.4,8.0,21.5,12.2,9.3,1.2,4.0,20.3,12.6,10.9,1.0,3.0,18.2,8.8,13.1,1.0,25,22
2.0,15.4,7.3,17.4,0.4,6.0,21.2,9.7,13.1,1.0,6.0,19.3,6.8,12.3,0.9,9.0,23.3,12.4,9.6,1.5,25,27
7.0,22.5,12.8,10.4,1.4,4.0,18.7,11.0,11.4,1.2,2.0,24.0,12.5,2.3,1.6,7.0,22.2,10.8,11.7,1.1,32,31
2.0,20.2,2.3,9.8,0.9,4.0,19.2,13.3,12.0,1.2,2.0,21.1,5.5,5.9,0.8,6.0,23.0,10.7,9.9,1.2,34,19
6.0,23.4,13.7,7.5,1.4,7.0,20.2,8.2,10.7,0.9,8.0,26.2,20.5,6.0,2.0,10.0,21.2,5.3,9.9,1.0,11,34
3.0,17.1,3.2,13.6,0.6,6.0,22.0,13.7,11.8,1.3,3.0,23.5,17.6,11.5,1.4,9.0,18.9,3.3,13.3,0.6,33,33
8.0,21.5,12.2,9.3,1.2,4.0,17.4,12.1,21.2,0.9,6.0,19.3,6.8,12.3,0.9,4.0,18.7,11.0,11.4,1.2,24,32
4.0,20.3,12.6,10.9,1.0,2.0,15.4,7.3,17.4,0.4,7.0,22.5,12.8,10.4,1.4,8.0,23.5,14.2,7.7,1.7,11,14
3.0,18.2,8.8,13.1,1.0,2.0,16.5,9.1,16.7,0.6,2.0,21.1,5.5,5.9,0.8,6.0,23.4,13.7,7.5,1.4,14,26
6.0,21.2,9.7,13.1,1.0,9.0,18.9,3.3,13.3,0.6,4.0,19.2,13.3,12.0,1.2,10.0,21.2,5.3,9.9,1.0,10,15
2.0,20.2,2.3,9.8,0.9,10.0,25.0,16.1,10.0,1.5,15.0,28.2,22.5,4.8,2.4,6.0,22.0,13.7,11.8,1.3,4,32
6.0,23.0,10.7,9.9,1.2,8.0,26.2,20.5,6.0,2.0,9.0,22.2,13.4,11.8,1.2,3.0,23.5,17.6,11.5,1.4,37,34
7.0,20.2,8.2,10.7,0.9,9.0,23.3,12.4,9.6,1.5,3.0,17.1,3.2,13.6,0.6,2.0,24.0,12.5,2.3,1.6,29,27
10.0,26.6,21.6,4.1,2.1,7.0,22.2,10.8,11.7,1.1,3.0,20.1,10.7,12.3,1.5,3.0,23.0,9.7,5.5,1.1,37,6
4.0,17.4,12.1,21.2,0.9,3.0,18.2,8.8,13.1,1.0,10.0,25.0,16.1,10.0,1.5,2.0,15.4,7.3,17.4,0.4,27,35
3.0,23.5,17.6,11.5,1.4,7.0,22.5,12.8,10.4,1.4,15.0,28.2,22.5,4.8,2.4,6.0,23.4,13.7,7.5,1.4,26,43
9.0,23.3,12.4,9.6,1.5,4.0,20.3,12.6,10.9,1.0,9.0,18.9,3.3,13.3,0.6,8.0,26.2,20.5,6.0,2.0,24,2
8.0,23.5,14.2,7.7,1.7,4.0,18.7,11.0,11.4,1.2,10.0,21.2,5.3,9.9,1.0,2.0,20.2,2.3,9.8,0.9,33,17
2.0,21.1,5.5,5.9,0.8,7.0,22.2,10.8,11.7,1.1,9.0,22.2,13.4,11.8,1.2,8.0,21.5,12.2,9.3,1.2,3,32
6.0,22.0,13.7,11.8,1.3,7.0,20.2,8.2,10.7,0.9,6.0,21.2,9.7,13.1,1.0,10.0,26.6,21.6,4.1,2.1,27,30
3.0,23.0,9.7,5.5,1.1,2.0,16.5,9.1,16.7,0.6,4.0,19.2,13.3,12.0,1.2,3.0,17.1,3.2,13.6,0.6,13,23
2.0,24.0,12.5,2.3,1.6,3.0,20.1,10.7,12.3,1.5,6.0,23.0,10.7,9.9,1.2,6.0,19.3,6.8,12.3,0.9,21,17
6.0,23.4,13.7,7.5,1.4,4.0,20.3,12.6,10.9,1.0,4.0,17.4,12.1,21.2,0.9,7.0,22.2,10.8,11.7,1.1,35,36
10.0,26.6,21.6,4.1,2.1,8.0,26.2,20.5,6.0,2.0,2.0,15.4,7.3,17.4,0.4,2.0,20.2,2.3,9.8,0.9,45,1
4.0,19.2,13.3,12.0,1.2,3.0,23.5,17.6,11.5,1.4,9.0,23.3,12.4,9.6,1.5,8.0,21.5,12.2,9.3,1.2,31,29
9.0,22.2,13.4,11.8,1.2,2.0,21.1,5.5,5.9,0.8,7.0,22.5,12.8,10.4,1.4,3.0,20.1,10.7,12.3,1.5,37,33
10.0,21.2,5.3,9.9,1.0,6.0,23.0,10.7,9.9,1.2,15.0,28.2,22.5,4.8,2.4,3.0,17.1,3.2,13.6,0.6,15,18
7.0,20.2,8.2,10.7,0.9,2.0,16.5,9.1,16.7,0.6,6.0,21.2,9.7,13.1,1.0,4.0,18.7,11.0,11.4,1.2,31,7
2.0,24.0,12.5,2.3,1.6,9.0,18.9,3.3,13.3,0.6,10.0,25.0,16.1,10.0,1.5,6.0,19.3,6.8,12.3,0.9,26,21
3.0,18.2,8.8,13.1,1.0,3.0,23.0,9.7,5.5,1.1,8.0,23.5,14.2,7.7,1.7,6.0,22.0,13.7,11.8,1.3,16,47
6.0,23.4,13.7,7.5,1.4,15.0,28.2,22.5,4.8,2.4,4.0,19.2,13.3,12.0,1.2,2.0,15.4,7.3,17.4,0.4,30,10
4.0,17.4,12.1,21.2,0.9,3.0,23.5,17.6,11.5,1.4,6.0,21.2,9.7,13.1,1.0,3.0,20.1,10.7,12.3,1.5,40,23
7.0,22.5,12.8,10.4,1.4,8.0,21.5,12.2,9.3,1.2,2.0,20.2,2.3,9.8,0.9,2.0,16.5,9.1,16.7,0.6,35,11
2.0,24.0,12.5,2.3,1.6,10.0,26.6,21.6,4.1,2.1,10.0,21.2,5.3,9.9,1.0,4.0,20.3,12.6,10.9,1.0,24,3
3.0,17.1,3.2,13.6,0.6,7.0,22.2,10.8,11.7,1.1,9.0,22.2,13.4,11.8,1.2,9.0,18.9,3.3,13.3,0.6,34,32
8.0,23.5,14.2,7.7,1.7,6.0,19.3,6.8,12.3,0.9,3.0,18.2,8.8,13.1,1.0,9.0,23.3,12.4,9.6,1.5,9,7
6.0,22.0,13.7,11.8,1.3,8.0,26.2,20.5,6.0,2.0,4.0,18.7,11.0,11.4,1.2,2.0,21.1,5.5,5.9,0.8,42,13
10.0,25.0,16.1,10.0,1.5,6.0,23.0,10.7,9.9,1.2,7.0,20.2,8.2,10.7,0.9,3.0,23.0,9.7,5.5,1.1,31,14
9.0,22.2,13.4,11.8,1.2,3.0,20.1,10.7,12.3,1.5,10.0,21.2,5.3,9.9,1.0,2.0,15.4,7.3,17.4,0.4,0,0
3.0,18.2,8.8,13.1,1.0,3.0,23.5,17.6,11.5,1.4,2.0,24.0,12.5,2.3,1.6,2.0,16.5,9.1,16.7,0.6,0,0
6.0,19.3,6.8,12.3,0.9,3.0,17.1,3.2,13.6,0.6,10.0,26.6,21.6,4.1,2.1,6.0,23.4,13.7,7.5,1.4,0,0
8.0,21.5,12.2,9.3,1.2,9.0,18.9,3.3,13.3,0.6,6.0,23.0,10.7,9.9,1.2,4.0,17.4,12.1,21.2,0.9,0,0
4.0,19.2,13.3,12.0,1.2,4.0,18.7,11.0,11.4,1.2,8.0,26.2,20.5,6.0,2.0,3.0,23.0,9.7,5.5,1.1,0,0
9.0,23.3,12.4,9.6,1.5,2.0,20.2,2.3,9.8,0.9,6.0,22.0,13.7,11.8,1.3,4.0,20.3,12.6,10.9,1.0,0,0
2.0,21.1,5.5,5.9,0.8,10.0,25.0,16.1,10.0,1.5,7.0,22.5,12.8,10.4,1.4,6.0,21.2,9.7,13.1,1.0,0,0
15.0,28.2,22.5,4.8,2.4,7.0,22.2,10.8,11.7,1.1,8.0,23.5,14.2,7.7,1.7,7.0,20.2,8.2,10.7,0.9,0,0
10.0,26.6,21.6,4.1,2.1,15.0,28.2,22.5,4.8,2.4,4.0,20.3,12.6,10.9,1.0,7.0,22.2,10.8,11.7,1.1,42,22
2.0,24.0,12.5,2.3,1.6,3.0,20.1,10.7,12.3,1.5,6.0,23.4,13.7,7.5,1.4,7.0,22.5,12.8,10.4,1.4,24,31
8.0,23.5,14.2,7.7,1.7,8.0,26.2,20.5,6.0,2.0,4.0,19.2,13.3,12.0,1.2,9.0,23.3,12.4,9.6,1.5,27,22
6.0,22.0,13.7,11.8,1.3,6.0,23.0,10.7,9.9,1.2,10.0,25.0,16.1,10.0,1.5,9.0,22.2,13.4,11.8,1.2,30,31
10.0,26.6,21.6,4.1,2.1,15.0,28.2,22.5,4.8,2.4,3.0,23.0,9.7,5.5,1.1,2.0,20.2,2.3,9.8,0.9,45,3
4.0,20.3,12.6,10.9,1.0,7.0,22.2,10.8,11.7,1.1,7.0,20.2,8.2,10.7,0.9,4.0,18.7,11.0,11.4,1.2,36,5
2.0,24.0,12.5,2.3,1.6,3.0,20.1,10.7,12.3,1.5,3.0,23.5,17.6,11.5,1.4,9.0,18.9,3.3,13.3,0.6,39,21
6.0,23.4,13.7,7.5,1.4,7.0,22.5,12.8,10.4,1.4,2.0,16.5,9.1,16.7,0.6,2.0,15.4,7.3,17.4,0.4,42,18
8.0,23.5,14.2,7.7,1.7,8.0,26.2,20.5,6.0,2.0,10.0,21.2,5.3,9.9,1.0,3.0,18.2,8.8,13.1,1.0,43,3
4.0,19.2,13.3,12.0,1.2,9.0,23.3,12.4,9.6,1.5,8.0,21.5,12.2,9.3,1.2,4.0,17.4,12.1,21.2,0.9,31,30
6.0,22.0,13.7,11.8,1.3,6.0,23.0,10.7,9.9,1.2,3.0,17.1,3.2,13.6,0.6,2.0,21.1,5.5,5.9,0.8,11,7
10.0,25.0,16.1,10.0,1.5,9.0,22.2,13.4,11.8,1.2,6.0,19.3,6.8,12.3,0.9,6.0,21.2,9.7,13.1,1.0,35,14
4.0,13.8,11.7,14.7,1.0,5.0,17.9,16.8,11.7,1.3,3.0,14.4,10.9,8.2,1.1,4.0,11.6,9.8,18.9,0.4,41,1
3.0,12.4,11.4,14.7,1.1,4.0,18.9,17.2,10.5,1.7,4.0,18.3,15.0,13.1,1.4,4.0,12.3,14.8,14.7,1.2,33,23
3.0,17.6,15.9,8.5,1.8,4.0,13.8,11.7,14.7,1.0,3.0,14.4,10.9,8.2,1.1,4.0,11.6,9.8,18.9,0.4,23,17
6.0,20.1,8.2,7.1,1.2,5.0,16.5,4.1,9.0,0.8,6.0,20.5,7.7,10.7,1.2,6.0,18.2,10.5,10.0,0.9,10,24
6.0,19.1,11.3,7.2,1.2,8.0,22.8,10.4,5.1,1.3,7.0,19.1,8.8,7.3,1.1,7.0,25.8,17.8,4.9,1.6,37,22
7.0,22.8,11.9,9.1,1.2,6.0,17.7,1.9,7.6,0.7,5.0,20.0,9.3,9.0,1.1,5.0,19.7,9.4,11.9,0.8,8,13
6.0,20.9,14.5,7.6,1.4,6.0,21.5,12.0,8.6,1.2,8.0,20.9,10.0,9.2,1.1,4.0,16.1,9.3,14.0,0.6,35,19
9.0,22.9,11.8,6.2,1.5,6.0,21.4,13.1,10.6,1.3,6.0,22.0,12.3,10.8,1.2,7.0,21.2,11.2,11.2,1.2,30,26
6.0,20.5,14.7,8.8,1.6,5.0,20.2,5.3,7.8,0.9,7.0,23.5,16.0,7.6,1.6,9.0,24.3,16.6,10.7,1.7,14,28
6.0,21.9,10.0,6.7,1.4,4.0,15.9,7.0,11.0,0.6,4.0,17.2,4.7,10.1,0.9,6.0,20.3,8.0,9.6,1.1,24,3
10.0,24.4,15.7,10.1,1.8,5.0,20.3,10.2,7.9,1.2,6.0,19.7,9.7,8.0,1.2,11.0,21.6,13.2,10.5,1.0,35,13
6.0,20.7,9.6,7.0,1.1,6.0,23.3,13.0,3.2,1.5,4.0,20.0,10.7,8.5,1.3,6.0,24.4,15.5,3.5,1.6,21,36
9.0,25.1,17.1,3.9,1.9,6.0,22.8,14.1,8.0,1.6,5.0,18.5,10.7,9.1,1.0,8.0,24.2,18.1,9.7,1.7,16,31
5.0,22.1,11.1,9.3,1.0,8.0,25.1,21.8,12.5,1.8,6.0,21.3,14.4,7.8,1.2,5.0,18.4,5.4,11.7,0.6,38,22
6.0,21.4,14.1,12.0,1.1,5.0,17.3,8.1,12.8,0.7,9.0,25.3,16.0,7.1,1.6,7.0,22.1,11.8,7.9,1.2,25,34
6.0,21.8,15.2,8.7,1.4,5.0,17.8,5.5,9.6,0.8,6.0,20.3,8.0,9.6,1.1,6.0,20.5,7.7,10.7,1.2,13,14
7.0,25.8,17.8,4.9,1.6,5.0,20.0,9.3,9.0,1.1,4.0,15.9,7.0,11.0,0.6,6.0,21.4,13.1,10.6,1.3,23,28
4.0,16.1,9.3,14.0,0.6,6.0,19.7,9.7,8.0,1.2,6.0,20.7,9.6,7.0,1.1,5.0,20.2,5.3,7.8,0.9,24,33
7.0,21.2,11.2,11.2,1.2,8.0,20.9,10.0,9.2,1.1,9.0,25.1,17.1,3.9,1.9,5.0,20.3,10.2,7.9,1.2,33,32
6.0,22.0,12.3,10.8,1.2,6.0,22.8,14.1,8.0,1.6,6.0,23.3,13.0,3.2,1.5,8.0,22.8,10.4,5.1,1.3,23,21
4.0,20.0,10.7,8.5,1.3,5.0,22.1,11.1,9.3,1.0,9.0,22.9,11.8,6.2,1.5,5.0,17.3,8.1,12.8,0.7,27,17
5.0,18.5,10.7,9.1,1.0,11.0,21.6,13.2,10.5,1.0,5.0,17.8,5.5,9.6,0.8,8.0,25.1,21.8,12.5,1.8,22,32
5.0,18.4,5.4,11.7,0.6,6.0,24.4,15.5,3.5,1.6,6.0,21.9,10.0,6.7,1.4,6.0,20.5,14.7,8.8,1.6,31,17
9.0,25.3,16.0,7.1,1.6,7.0,19.1,8.8,7.3,1.1,6.0,17.7,1.9,7.6,0.7,6.0,21.5,12.0,8.6,1.2,27,23
6.0,18.2,10.5,10.0,0.9,4.0,17.2,4.7,10.1,0.9,5.0,19.7,9.4,11.9,0.8,7.0,22.1,11.8,7.9,1.2,24,33
10.0,24.4,15.7,10.1,1.8,6.0,20.9,14.5,7.6,1.4,6.0,19.1,11.3,7.2,1.2,5.0,16.5,4.1,9.0,0.8,24,0
9.0,24.3,16.6,10.7,1.7,6.0,21.3,14.4,7.8,1.2,6.0,20.1,8.2,7.1,1.2,6.0,21.8,15.2,8.7,1.4,36,32
7.0,23.5,16.0,7.6,1.6,8.0,24.2,18.1,9.7,1.7,6.0,21.4,14.1,12.0,1.1,7.0,22.8,11.9,9.1,1.2,33,31
4.0,20.0,10.7,8.5,1.3,5.0,20.2,5.3,7.8,0.9,6.0,21.9,10.0,6.7,1.4,8.0,25.1,21.8,12.5,1.8,24,49
5.0,17.3,8.1,12.8,0.7,6.0,22.0,12.3,10.8,1.2,9.0,25.1,17.1,3.9,1.9,5.0,18.4,5.4,11.7,0.6,23,32
6.0,20.3,8.0,9.6,1.1,9.0,22.9,11.8,6.2,1.5,6.0,21.5,12.0,8.6,1.2,7.0,25.8,17.8,4.9,1.6,17,20
6.0,17.7,1.9,7.6,0.7,7.0,21.2,11.2,11.2,1.2,6.0,20.5,14.7,8.8,1.6,6.0,19.7,9.7,8.0,1.2,18,16
8.0,22.8,10.4,5.1,1.3,5.0,16.5,4.1,9.0,0.8,6.0,24.4,15.5,3.5,1.6,6.0,21.3,14.4,7.8,1.2,6,21
5.0,17.8,5.5,9.6,0.8,6.0,21.4,14.1,12.0,1.1,9.0,24.3,16.6,10.7,1.7,6.0,20.7,9.6,7.0,1.1,18,39
6.0,20.1,8.2,7.1,1.2,6.0,19.1,11.3,7.2,1.2,9.0,25.3,16.0,7.1,1.6,5.0,20.0,9.3,9.0,1.1,18,31
7.0,22.1,11.8,7.9,1.2,8.0,20.9,10.0,9.2,1.1,5.0,18.5,10.7,9.1,1.0,7.0,22.8,11.9,9.1,1.2,21,20
4.0,16.1,9.3,14.0,0.6,6.0,18.2,10.5,10.0,0.9,5.0,22.1,11.1,9.3,1.0,4.0,15.9,7.0,11.0,0.6,16,28
6.0,21.8,15.2,8.7,1.4,5.0,19.7,9.4,11.9,0.8,8.0,24.2,18.1,9.7,1.7,10.0,24.4,15.7,10.1,1.8,24,48
6.0,20.5,7.7,10.7,1.2,6.0,23.3,13.0,3.2,1.5,5.0,20.3,10.2,7.9,1.2,6.0,20.9,14.5,7.6,1.4,15,33
7.0,19.1,8.8,7.3,1.1,6.0,21.4,13.1,10.6,1.3,6.0,22.8,14.1,8.0,1.6,4.0,17.2,4.7,10.1,0.9,28,15
7.0,23.5,16.0,7.6,1.6,11.0,21.6,13.2,10.5,1.0,6.0,20.3,8.0,9.6,1.1,9.0,25.3,16.0,7.1,1.6,19,25
5.0,20.0,9.3,9.0,1.1,7.0,22.1,11.8,7.9,1.2,5.0,20.2,5.3,7.8,0.9,7.0,21.2,11.2,11.2,1.2,9,23
4.0,16.1,9.3,14.0,0.6,5.0,18.4,5.4,11.7,0.6,4.0,20.0,10.7,8.5,1.3,5.0,16.5,4.1,9.0,0.8,15,20
6.0,24.4,15.5,3.5,1.6,4.0,15.9,7.0,11.0,0.6,5.0,17.8,5.5,9.6,0.8,9.0,25.1,17.1,3.9,1.9,15,25
6.0,21.3,14.4,7.8,1.2,5.0,19.7,9.4,11.9,0.8,6.0,23.3,13.0,3.2,1.5,8.0,20.9,10.0,9.2,1.1,28,33
5.0,20.3,10.2,7.9,1.2,6.0,21.5,12.0,8.6,1.2,7.0,22.8,11.9,9.1,1.2,6.0,18.2,10.5,10.0,0.9,34,20
8.0,25.1,21.8,12.5,1.8,8.0,24.2,18.1,9.7,1.7,5.0,17.3,8.1,12.8,0.7,6.0,21.4,13.1,10.6,1.3,43,17
6.0,21.9,10.0,6.7,1.4,6.0,22.0,12.3,10.8,1.2,7.0,23.5,16.0,7.6,1.6,5.0,22.1,11.1,9.3,1.0,28,25
11.0,21.6,13.2,10.5,1.0,7.0,25.8,17.8,4.9,1.6,6.0,21.8,15.2,8.7,1.4,6.0,22.8,14.1,8.0,1.6,12,9
6.0,20.5,7.7,10.7,1.2,5.0,18.5,10.7,9.1,1.0,6.0,17.7,1.9,7.6,0.7,6.0,19.1,11.3,7.2,1.2,16,22
4.0,17.2,4.7,10.1,0.9,9.0,24.3,16.6,10.7,1.7,8.0,22.8,10.4,5.1,1.3,6.0,19.7,9.7,8.0,1.2,30,20
6.0,21.4,14.1,12.0,1.1,10.0,24.4,15.7,10.1,1.8,7.0,19.1,8.8,7.3,1.1,6.0,20.1,8.2,7.1,1.2,43,11
6.0,20.5,14.7,8.8,1.6,6.0,20.7,9.6,7.0,1.1,6.0,20.9,14.5,7.6,1.4,9.0,22.9,11.8,6.2,1.5,19,30
5.0,20.3,10.2,7.9,1.2,5.0,16.5,4.1,9.0,0.8,5.0,20.2,5.3,7.8,0.9,5.0,17.8,5.5,9.6,0.8,20,0
6.0,20.3,8.0,9.6,1.1,7.0,22.8,11.9,9.1,1.2,6.0,22.8,14.1,8.0,1.6,5.0,17.3,8.1,12.8,0.7,14,11
9.0,25.1,17.1,3.9,1.9,5.0,20.0,9.3,9.0,1.1,6.0,21.8,15.2,8.7,1.4,5.0,22.1,11.1,9.3,1.0,26,25
5.0,18.4,5.4,11.7,0.6,6.0,20.5,7.7,10.7,1.2,7.0,22.1,11.8,7.9,1.2,9.0,24.3,16.6,10.7,1.7,21,40
6.0,21.5,12.0,8.6,1.2,5.0,18.5,10.7,9.1,1.0,7.0,23.5,16.0,7.6,1.6,6.0,21.4,13.1,10.6,1.3,33,21
6.0,24.4,15.5,3.5,1.6,6.0,19.1,11.3,7.2,1.2,6.0,21.4,14.1,12.0,1.1,4.0,17.2,4.7,10.1,0.9,34,20
6.0,20.1,8.2,7.1,1.2,6.0,17.7,1.9,7.6,0.7,4.0,16.1,9.3,14.0,0.6,11.0,21.6,13.2,10.5,1.0,18,16
9.0,25.3,16.0,7.1,1.6,8.0,22.8,10.4,5.1,1.3,6.0,20.5,14.7,8.8,1.6,8.0,25.1,21.8,12.5,1.8,25,38
7.0,19.1,8.8,7.3,1.1,5.0,19.7,9.4,11.9,0.8,6.0,20.7,9.6,7.0,1.1,7.0,21.2,11.2,11.2,1.2,27,36
8.0,20.9,10.0,9.2,1.1,4.0,20.0,10.7,8.5,1.3,6.0,18.2,10.5,10.0,0.9,10.0,24.4,15.7,10.1,1.8,7,20
9.0,22.9,11.8,6.2,1.5,6.0,21.9,10.0,6.7,1.4,8.0,24.2,18.1,9.7,1.7,6.0,23.3,13.0,3.2,1.5,28,14
6.0,20.9,14.5,7.6,1.4,6.0,19.7,9.7,8.0,1.2,6.0,21.3,14.4,7.8,1.2,4.0,15.9,7.0,11.0,0.6,25,38
6.0,22.0,12.3,10.8,1.2,7.0,25.8,17.8,4.9,1.6,6.0,17.7,1.9,7.6,0.7,5.0,20.3,10.2,7.9,1.2,30,0
6.0,20.3,8.0,9.6,1.1,6.0,21.4,13.1,10.6,1.3,6.0,24.4,15.5,3.5,1.6,4.0,16.1,9.3,14.0,0.6,16,15
6.0,20.5,14.7,8.8,1.6,5.0,17.3,8.1,12.8,0.7,7.0,19.1,8.8,7.3,1.1,5.0,20.0,9.3,9.0,1.1,26,31
8.0,25.1,21.8,12.5,1.8,7.0,23.5,16.0,7.6,1.6,6.0,19.1,11.3,7.2,1.2,5.0,19.7,9.4,11.9,0.8,26,18
9.0,25.1,17.1,3.9,1.9,6.0,23.3,13.0,3.2,1.5,6.0,21.5,12.0,8.6,1.2,5.0,16.5,4.1,9.0,0.8,27,18
7.0,22.1,11.8,7.9,1.2,5.0,17.8,5.5,9.6,0.8,10.0,24.4,15.7,10.1,1.8,6.0,21.9,10.0,6.7,1.4,4,18
6.0,21.3,14.4,7.8,1.2,4.0,20.0,10.7,8.5,1.3,7.0,25.8,17.8,4.9,1.6,6.0,21.4,14.1,12.0,1.1,24,38
6.0,20.7,9.6,7.0,1.1,4.0,15.9,7.0,11.0,0.6,6.0,22.8,14.1,8.0,1.6,8.0,20.9,10.0,9.2,1.1,28,39
5.0,20.2,5.3,7.8,0.9,8.0,24.2,18.1,9.7,1.7,6.0,20.1,8.2,7.1,1.2,6.0,22.0,12.3,10.8,1.2,19,30
4.0,17.2,4.7,10.1,0.9,6.0,21.8,15.2,8.7,1.4,5.0,18.5,10.7,9.1,1.0,9.0,22.9,11.8,6.2,1.5,14,38
6.0,19.7,9.7,8.0,1.2,9.0,25.3,16.0,7.1,1.6,6.0,18.2,10.5,10.0,0.9,5.0,18.4,5.4,11.7,0.6,45,22
5.0,22.1,11.1,9.3,1.0,8.0,22.8,10.4,5.1,1.3,6.0,20.5,7.7,10.7,1.2,11.0,21.6,13.2,10.5,1.0,24,23
7.0,22.8,11.9,9.1,1.2,9.0,24.3,16.6,10.7,1.7,6.0,20.9,14.5,7.6,1.4,7.0,21.2,11.2,11.2,1.2,18,21
9.0,25.1,17.1,3.9,1.9,6.0,20.3,8.0,9.6,1.1,4.0,20.0,10.7,8.5,1.3,5.0,19.7,9.4,11.9,0.8,31,30
8.0,25.1,21.8,12.5,1.8,6.0,21.5,12.0,8.6,1.2,6.0,21.4,14.1,12.0,1.1,4.0,15.9,7.0,11.0,0.6,34,38
6.0,21.8,15.2,8.7,1.4,6.0,24.4,15.5,3.5,1.6,5.0,20.3,10.2,7.9,1.2,7.0,19.1,8.8,7.3,1.1,35,8
8.0,20.9,10.0,9.2,1.1,6.0,20.1,8.2,7.1,1.2,5.0,18.4,5.4,11.7,0.6,7.0,23.5,16.0,7.6,1.6,41,23
6.0,23.3,13.0,3.2,1.5,7.0,25.8,17.8,4.9,1.6,5.0,17.3,8.1,12.8,0.7,5.0,20.2,5.3,7.8,0.9,32,18
9.0,24.3,16.6,10.7,1.7,6.0,19.1,11.3,7.2,1.2,5.0,22.1,11.1,9.3,1.0,6.0,21.4,13.1,10.6,1.3,40,21
11.0,21.6,13.2,10.5,1.0,7.0,22.8,11.9,9.1,1.2,6.0,20.5,14.7,8.8,1.6,4.0,17.2,4.7,10.1,0.9,29,34
6.0,20.9,14.5,7.6,1.4,6.0,17.7,1.9,7.6,0.7,8.0,24.2,18.1,9.7,1.7,7.0,22.1,11.8,7.9,1.2,20,28
4.0,16.1,9.3,14.0,0.6,6.0,21.3,14.4,7.8,1.2,6.0,22.0,12.3,10.8,1.2,5.0,18.5,10.7,9.1,1.0,33,14
5.0,16.5,4.1,9.0,0.8,9.0,25.3,16.0,7.1,1.6,6.0,20.7,9.6,7.0,1.1,6.0,21.9,10.0,6.7,1.4,21,23
7.0,21.2,11.2,11.2,1.2,6.0,18.2,10.5,10.0,0.9,5.0,17.8,5.5,9.6,0.8,8.0,22.8,10.4,5.1,1.3,28,23
6.0,19.7,9.7,8.0,1.2,6.0,22.8,14.1,8.0,1.6,6.0,20.5,7.7,10.7,1.2,5.0,20.0,9.3,9.0,1.1,34,26
9.0,22.9,11.8,6.2,1.5,10.0,24.4,15.7,10.1,1.8,4.0,15.9,7.0,11.0,0.6,5.0,20.2,5.3,7.8,0.9,43,15
5.0,18.4,5.4,11.7,0.6,6.0,23.3,13.0,3.2,1.5,6.0,21.8,15.2,8.7,1.4,6.0,17.7,1.9,7.6,0.7,8,8
6.0,21.4,13.1,10.6,1.3,7.0,22.1,11.8,7.9,1.2,6.0,21.3,14.4,7.8,1.2,6.0,20.5,14.7,8.8,1.6,21,35
7.0,19.1,8.8,7.3,1.1,6.0,22.0,12.3,10.8,1.2,4.0,20.0,10.7,8.5,1.3,7.0,22.8,11.9,9.1,1.2,22,27
5.0,17.8,5.5,9.6,0.8,5.0,19.7,9.4,11.9,0.8,6.0,20.1,8.2,7.1,1.2,6.0,21.5,12.0,8.6,1.2,13,33
7.0,25.8,17.8,4.9,1.6,6.0,19.7,9.7,8.0,1.2,9.0,25.1,17.1,3.9,1.9,8.0,25.1,21.8,12.5,1.8,19,28
5.0,20.0,9.3,9.0,1.1,6.0,21.4,14.1,12.0,1.1,9.0,22.9,11.8,6.2,1.5,8.0,20.9,10.0,9.2,1.1,29,17
6.0,22.8,14.1,8.0,1.6,6.0,21.9,10.0,6.7,1.4,9.0,24.3,16.6,10.7,1.7,6.0,18.2,10.5,10.0,0.9,31,30
7.0,23.5,16.0,7.6,1.6,5.0,17.3,8.1,12.8,0.7,8.0,22.8,10.4,5.1,1.3,6.0,20.9,14.5,7.6,1.4,11,35
8.0,24.2,18.1,9.7,1.7,6.0,20.7,9.6,7.0,1.1,6.0,19.1,11.3,7.2,1.2,11.0,21.6,13.2,10.5,1.0,1,21
5.0,18.5,10.7,9.1,1.0,5.0,22.1,11.1,9.3,1.0,6.0,20.3,8.0,9.6,1.1,5.0,16.5,4.1,9.0,0.8,18,19
7.0,21.2,11.2,11.2,1.2,6.0,20.5,7.7,10.7,1.2,10.0,24.4,15.7,10.1,1.8,6.0,24.4,15.5,3.5,1.6,20,24
4.0,17.2,4.7,10.1,0.9,5.0,20.3,10.2,7.9,1.2,4.0,16.1,9.3,14.0,0.6,9.0,25.3,16.0,7.1,1.6,22,45
10.0,24.4,15.7,10.1,1.8,8.0,25.1,21.8,12.5,1.8,6.0,20.3,8.0,9.6,1.1,6.0,21.8,15.2,8.7,1.4,38,27
8.0,24.2,18.1,9.7,1.7,6.0,24.4,15.5,3.5,1.6,6.0,21.5,12.0,8.6,1.2,9.0,25.1,17.1,3.9,1.9,21,28
6.0,22.0,12.3,10.8,1.2,6.0,20.5,7.7,10.7,1.2,7.0,25.8,17.8,4.9,1.6,6.0,22.8,14.1,8.0,1.6,25,34
6.0,21.9,10.0,6.7,1.4,7.0,23.5,16.0,7.6,1.6,9.0,22.9,11.8,6.2,1.5,6.0,20.5,14.7,8.8,1.6,24,27
10.0,24.4,15.7,10.1,1.8,8.0,25.1,21.8,12.5,1.8,6.0,23.3,13.0,3.2,1.5,5.0,20.3,10.2,7.9,1.2,41,25
7.0,21.2,11.2,11.2,1.2,7.0,22.8,11.9,9.1,1.2,6.0,20.3,8.0,9.6,1.1,6.0,21.8,15.2,8.7,1.4,17,21
8.0,24.2,18.1,9.7,1.7,6.0,24.4,15.5,3.5,1.6,8.0,20.9,10.0,9.2,1.1,6.0,21.4,13.1,10.6,1.3,23,15
6.0,21.5,12.0,8.6,1.2,9.0,25.1,17.1,3.9,1.9,6.0,19.1,11.3,7.2,1.2,11.0,21.6,13.2,10.5,1.0,27,24
9.0,24.3,16.6,10.7,1.7,9.0,25.3,16.0,7.1,1.6,6.0,22.0,12.3,10.8,1.2,6.0,20.5,7.7,10.7,1.2,24,26
7.0,25.8,17.8,4.9,1.6,6.0,22.8,14.1,8.0,1.6,7.0,22.1,11.8,7.9,1.2,8.0,22.8,10.4,5.1,1.3,22,7
6.0,21.9,10.0,6.7,1.4,7.0,23.5,16.0,7.6,1.6,6.0,20.9,14.5,7.6,1.4,6.0,21.4,14.1,12.0,1.1,25,19
9.0,22.9,11.8,6.2,1.5,6.0,20.5,14.7,8.8,1.6,5.0,20.0,9.3,9.0,1.1,6.0,19.7,9.7,8.0,1.2,37,33
2.0,14.1,10.0,11.5,1.2,2.0,17.7,16.0,13.6,1.1,3.0,19.8,17.0,-0.8,1.9,3.0,17.2,9.5,15.4,1.0,16,34
4.0,15.6,3.4,10.6,0.8,2.0,11.3,2.1,10.7,0.5,2.0,17.7,15.9,5.0,1.4,2.0,14.1,10.0,11.5,1.2,4,20
2.0,17.7,15.9,5.0,1.4,8.0,22.1,15.6,12.0,1.8,5.0,21.4,17.3,9.9,1.7,3.0,17.2,9.5,15.4,1.0,22,26
6.0,21.6,14.7,11.5,1.4,3.0,18.6,16.4,6.5,1.4,5.0,10.9,-1.2,13.3,0.1,2.0,14.8,18.4,7.5,1.9,32,15
3.0,17.2,9.5,15.4,1.0,2.0,11.3,2.1,10.7,0.5,5.0,15.9,4.0,7.3,0.9,6.0,16.0,10.3,17.0,0.8,14,0
6.0,21.6,14.7,11.5,1.4,2.0,17.7,16.0,13.6,1.1,2.0,18.0,12.2,13.0,1.1,3.0,18.6,16.4,6.5,1.4,29,42
5.0,21.4,17.3,9.9,1.7,4.0,21.7,24.2,4.9,2.0,3.0,17.2,9.5,15.4,1.0,5.0,13.0,9.3,8.4,1.0,41,15
2.0,14.8,18.4,7.5,1.9,3.0,19.8,17.0,-0.8,1.9,2.0,17.7,15.9,5.0,1.4,2.0,14.1,10.0,11.5,1.2,24,26
3.0,17.2,9.5,15.4,1.0,5.0,13.0,9.3,8.4,1.0,4.0,15.6,3.4,10.6,0.8,5.0,15.9,4.0,7.3,0.9,9,6
4.0,15.0,10.6,11.1,0.8,3.0,5.1,-2.4,7.3,0.0,5.0,14.2,10.5,2.5,1.2,4.0,14.3,8.7,10.1,1.0,6,22
7.0,20.9,7.7,11.4,1.1,6.0,19.9,13.4,11.8,1.1,11.0,22.9,15.9,7.0,1.5,5.0,19.9,10.9,10.5,1.1,24,15
9.0,23.0,18.5,9.7,1.5,6.0,19.9,10.3,12.7,1.1,10.0,23.9,16.9,10.4,1.4,7.0,22.7,16.2,8.8,1.6,13,37
8.0,21.5,13.9,10.5,1.2,8.0,22.9,13.3,6.8,1.5,8.0,20.1,8.1,10.0,1.0,6.0,19.5,7.7,11.0,0.9,34,10
5.0,20.1,6.7,8.4,1.0,3.0,17.7,5.5,8.3,0.8,11.0,21.9,10.7,10.3,1.0,8.0,20.8,13.4,6.7,1.2,19,14
5.0,23.4,15.1,7.3,1.5,4.0,20.6,10.8,11.8,1.1,5.0,20.2,10.4,9.6,1.0,6.0,23.2,14.7,10.9,1.6,31,30
6.0,22.6,14.2,8.7,1.6,8.0,22.3,10.4,9.9,1.3,7.0,22.1,13.3,12.5,1.3,7.0,21.9,13.6,10.3,1.4,34,17
9.0,22.4,12.3,6.8,1.2,3.0,15.1,3.7,11.5,0.7,5.0,20.6,12.0,7.5,1.5,11.0,26.2,19.9,8.8,1.9,9,41
11.0,26.4,21.8,7.3,2.1,12.0,23.1,17.8,7.3,1.6,13.0,25.0,16.1,10.0,1.4,5.0,22.3,18.9,7.9,1.4,13,26
5.0,18.5,7.3,10.5,0.9,11.0,24.6,18.2,8.9,1.7,11.0,24.3,17.2,7.3,1.8,5.0,19.6,11.6,10.1,1.1,35,30
10.0,27.2,21.8,6.8,1.9,4.0,22.8,15.0,5.7,1.7,10.0,20.4,9.0,7.7,1.1,6.0,20.7,11.2,10.4,1.1,23,8
6.0,19.7,5.9,10.9,0.9,8.0,21.3,12.6,10.3,1.3,10.0,22.0,8.2,7.1,1.1,4.0,17.5,5.6,10.1,1.1,17,13
8.0,18.6,5.8,7.9,0.8,9.0,21.6,9.9,8.3,1.0,8.0,22.3,10.4,9.9,1.3,5.0,19.9,10.9,10.5,1.1,15,18
7.0,22.1,13.3,12.5,1.3,11.0,22.9,15.9,7.0,1.5,8.0,22.9,13.3,6.8,1.5,6.0,19.9,10.3,12.7,1.1,34,2
11.0,26.2,19.9,8.8,1.9,7.0,22.7,16.2,8.8,1.6,7.0,20.9,7.7,11.4,1.1,5.0,23.4,15.1,7.3,1.5,36,36
11.0,21.9,10.7,10.3,1.0,10.0,20.4,9.0,7.7,1.1,11.0,26.4,21.8,7.3,2.1,6.0,22.6,14.2,8.7,1.6,0,43
5.0,19.6,11.6,10.1,1.1,10.0,23.9,16.9,10.4,1.4,6.0,19.7,5.9,10.9,0.9,8.0,20.1,8.1,10.0,1.0,32,3
6.0,23.2,14.7,10.9,1.6,11.0,24.3,17.2,7.3,1.8,12.0,23.1,17.8,7.3,1.6,9.0,23.0,18.5,9.7,1.5,25,9
10.0,22.0,8.2,7.1,1.1,5.0,22.3,18.9,7.9,1.4,10.0,27.2,21.8,6.8,1.9,6.0,19.9,13.4,11.8,1.1,20,39
7.0,21.9,13.6,10.3,1.4,8.0,18.6,5.8,7.9,0.8,3.0,17.7,5.5,8.3,0.8,3.0,15.1,3.7,11.5,0.7,36,5
13.0,25.0,16.1,10.0,1.4,6.0,20.7,11.2,10.4,1.1,9.0,21.6,9.9,8.3,1.0,4.0,20.6,10.8,11.8,1.1,34,30
6.0,19.5,7.7,11.0,0.9,4.0,17.5,5.6,10.1,1.1,9.0,22.4,12.3,6.8,1.2,5.0,18.5,7.3,10.5,0.9,7,34
5.0,20.2,10.4,9.6,1.0,8.0,20.8,13.4,6.7,1.2,4.0,22.8,15.0,5.7,1.7,8.0,21.5,13.9,10.5,1.2,21,21
5.0,20.6,12.0,7.5,1.5,8.0,21.3,12.6,10.3,1.3,5.0,20.1,6.7,8.4,1.0,11.0,24.6,18.2,8.9,1.7,32,23
11.0,26.4,21.8,7.3,2.1,11.0,26.2,19.9,8.8,1.9,9.0,23.0,18.5,9.7,1.5,8.0,22.3,10.4,9.9,1.3,35,26
3.0,17.7,5.5,8.3,0.8,9.0,21.6,9.9,8.3,1.0,5.0,23.4,15.1,7.3,1.5,11.0,24.3,17.2,7.3,1.8,23,36
5.0,19.6,11.6,10.1,1.1,6.0,19.5,7.7,11.0,0.9,10.0,22.0,8.2,7.1,1.1,7.0,21.9,13.6,10.3,1.4,15,29
8.0,20.1,8.1,10.0,1.0,8.0,20.8,13.4,6.7,1.2,7.0,22.1,13.3,12.5,1.3,6.0,20.7,11.2,10.4,1.1,14,36
5.0,19.9,10.9,10.5,1.1,8.0,21.5,13.9,10.5,1.2,11.0,24.6,18.2,8.9,1.7,6.0,22.6,14.2,8.7,1.6,21,49
6.0,19.9,10.3,12.7,1.1,5.0,20.2,10.4,9.6,1.0,5.0,18.5,7.3,10.5,0.9,10.0,27.2,21.8,6.8,1.9,13,34
9.0,22.4,12.3,6.8,1.2,6.0,23.2,14.7,10.9,1.6,11.0,22.9,15.9,7.0,1.5,4.0,22.8,15.0,5.7,1.7,22,38
6.0,19.9,13.4,11.8,1.1,4.0,17.5,5.6,10.1,1.1,12.0,23.1,17.8,7.3,1.6,5.0,20.6,12.0,7.5,1.5,22,35
5.0,22.3,18.9,7.9,1.4,10.0,23.9,16.9,10.4,1.4,7.0,20.9,7.7,11.4,1.1,11.0,21.9,10.7,10.3,1.0,34,34
6.0,19.7,5.9,10.9,0.9,3.0,15.1,3.7,11.5,0.7,10.0,20.4,9.0,7.7,1.1,5.0,20.1,6.7,8.4,1.0,3,31
13.0,25.0,16.1,10.0,1.4,8.0,22.9,13.3,6.8,1.5,8.0,21.3,12.6,10.3,1.3,7.0,22.7,16.2,8.8,1.6,31,17
4.0,20.6,10.8,11.8,1.1,8.0,18.6,5.8,7.9,0.8,11.0,26.4,21.8,7.3,2.1,6.0,19.9,10.3,12.7,1.1,10,34
4.0,22.8,15.0,5.7,1.7,11.0,24.3,17.2,7.3,1.8,6.0,19.9,13.4,11.8,1.1,6.0,22.6,14.2,8.7,1.6,21,17
8.0,22.3,10.4,9.9,1.3,5.0,20.6,12.0,7.5,1.5,8.0,21.5,13.9,10.5,1.2,5.0,23.4,15.1,7.3,1.5,24,41
11.0,24.6,18.2,8.9,1.7,10.0,27.2,21.8,6.8,1.9,6.0,19.5,7.7,11.0,0.9,10.0,23.9,16.9,10.4,1.4,35,26
9.0,23.0,18.5,9.7,1.5,5.0,19.9,10.9,10.5,1.1,8.0,22.9,13.3,6.8,1.5,3.0,15.1,3.7,11.5,0.7,36,29
5.0,20.1,6.7,8.4,1.0,7.0,20.9,7.7,11.4,1.1,6.0,23.2,14.7,10.9,1.6,4.0,17.5,5.6,10.1,1.1,32,14
7.0,21.9,13.6,10.3,1.4,8.0,20.1,8.1,10.0,1.0,8.0,21.3,12.6,10.3,1.3,9.0,21.6,9.9,8.3,1.0,20,24
7.0,22.7,16.2,8.8,1.6,8.0,20.8,13.4,6.7,1.2,5.0,22.3,18.9,7.9,1.4,6.0,19.7,5.9,10.9,0.9,17,24
12.0,23.1,17.8,7.3,1.6,10.0,20.4,9.0,7.7,1.1,9.0,22.4,12.3,6.8,1.2,5.0,19.6,11.6,10.1,1.1,18,23
4.0,20.6,10.8,11.8,1.1,10.0,22.0,8.2,7.1,1.1,3.0,17.7,5.5,8.3,0.8,11.0,26.2,19.9,8.8,1.9,21,10
5.0,18.5,7.3,10.5,0.9,11.0,21.9,10.7,10.3,1.0,13.0,25.0,16.1,10.0,1.4,7.0,22.1,13.3,12.5,1.3,21,37
11.0,22.9,15.9,7.0,1.5,6.0,20.7,11.2,10.4,1.1,8.0,18.6,5.8,7.9,0.8,5.0,20.2,10.4,9.6,1.0,26,11
6.0,22.6,14.2,8.7,1.6,7.0,22.7,16.2,8.8,1.6,6.0,19.5,7.7,11.0,0.9,3.0,15.1,3.7,11.5,0.7,48,14
7.0,20.9,7.7,11.4,1.1,8.0,22.9,13.3,6.8,1.5,8.0,20.8,13.4,6.7,1.2,10.0,27.2,21.8,6.8,1.9,30,22
4.0,17.5,5.6,10.1,1.1,4.0,22.8,15.0,5.7,1.7,4.0,20.6,10.8,11.8,1.1,5.0,19.9,10.9,10.5,1.1,29,15
8.0,22.3,10.4,9.9,1.3,3.0,17.7,5.5,8.3,0.8,6.0,23.2,14.7,10.9,1.6,5.0,19.6,11.6,10.1,1.1,10,34
9.0,23.0,18.5,9.7,1.5,5.0,23.4,15.1,7.3,1.5,9.0,22.4,12.3,6.8,1.2,13.0,25.0,16.1,10.0,1.4,42,25
8.0,21.3,12.6,10.3,1.3,11.0,26.2,19.9,8.8,1.9,8.0,18.6,5.8,7.9,0.8,11.0,24.3,17.2,7.3,1.8,35,36
9.0,21.6,9.9,8.3,1.0,5.0,22.3,18.9,7.9,1.4,6.0,19.9,10.3,12.7,1.1,11.0,24.6,18.2,8.9,1.7,23,40
5.0,20.1,6.7,8.4,1.0,8.0,20.1,8.1,10.0,1.0,11.0,26.4,21.8,7.3,2.1,5.0,18.5,7.3,10.5,0.9,14,39
7.0,22.1,13.3,12.5,1.3,8.0,21.5,13.9,10.5,1.2,6.0,19.9,13.4,11.8,1.1,10.0,20.4,9.0,7.7,1.1,32,18
12.0,23.1,17.8,7.3,1.6,11.0,22.9,15.9,7.0,1.5,7.0,21.9,13.6,10.3,1.4,11.0,21.9,10.7,10.3,1.0,25,33
5.0,20.6,12.0,7.5,1.5,6.0,20.7,11.2,10.4,1.1,10.0,22.0,8.2,7.1,1.1,10.0,23.9,16.9,10.4,1.4,22,33
5.0,20.2,10.4,9.6,1.0,6.0,19.7,5.9,10.9,0.9,13.0,25.0,16.1,10.0,1.4,5.0,19.9,10.9,10.5,1.1,19,21
6.0,22.6,14.2,8.7,1.6,6.0,19.9,10.3,12.7,1.1,5.0,19.6,11.6,10.1,1.1,8.0,20.8,13.4,6.7,1.2,38,0
7.0,22.7,16.2,8.8,1.6,9.0,22.4,12.3,6.8,1.2,9.0,21.6,9.9,8.3,1.0,5.0,20.1,6.7,8.4,1.0,24,21
6.0,19.5,7.7,11.0,0.9,6.0,19.9,13.4,11.8,1.1,8.0,21.3,12.6,10.3,1.3,3.0,17.7,5.5,8.3,0.8,20,26
10.0,20.4,9.0,7.7,1.1,8.0,18.6,5.8,7.9,0.8,8.0,22.9,13.3,6.8,1.5,5.0,20.6,12.0,7.5,1.5,20,29
7.0,22.1,13.3,12.5,1.3,11.0,24.3,17.2,7.3,1.8,10.0,27.2,21.8,6.8,1.9,4.0,20.6,10.8,11.8,1.1,27,35
11.0,26.2,19.9,8.8,1.9,8.0,20.1,8.1,10.0,1.0,5.0,20.2,10.4,9.6,1.0,5.0,22.3,18.9,7.9,1.4,41,12
7.0,20.9,7.7,11.4,1.1,4.0,22.8,15.0,5.7,1.7,12.0,23.1,17.8,7.3,1.6,8.0,22.3,10.4,9.9,1.3,25,23
6.0,23.2,14.7,10.9,1.6,11.0,21.9,10.7,10.3,1.0,6.0,19.7,5.9,10.9,0.9,6.0,20.7,11.2,10.4,1.1,26,19
10.0,22.0,8.2,7.1,1.1,11.0,26.4,21.8,7.3,2.1,8.0,21.5,13.9,10.5,1.2,3.0,15.1,3.7,11.5,0.7,44,14
7.0,21.9,13.6,10.3,1.4,11.0,24.6,18.2,8.9,1.7,4.0,17.5,5.6,10.1,1.1,9.0,23.0,18.5,9.7,1.5,36,28
5.0,23.4,15.1,7.3,1.5,5.0,18.5,7.3,10.5,0.9,10.0,23.9,16.9,10.4,1.4,11.0,22.9,15.9,7.0,1.5,19,41
5.0,20.2,10.4,9.6,1.0,5.0,19.6,11.6,10.1,1.1,8.0,22.9,13.3,6.8,1.5,9.0,21.6,9.9,8.3,1.0,25,29
10.0,20.4,9.0,7.7,1.1,4.0,20.6,10.8,11.8,1.1,7.0,22.7,16.2,8.8,1.6,8.0,20.1,8.1,10.0,1.0,7,27
13.0,25.0,16.1,10.0,1.4,3.0,15.1,3.7,11.5,0.7,4.0,22.8,15.0,5.7,1.7,6.0,19.9,10.3,12.7,1.1,34,15
9.0,22.4,12.3,6.8,1.2,5.0,22.3,18.9,7.9,1.4,8.0,21.5,13.9,10.5,1.2,7.0,21.9,13.6,10.3,1.4,24,29
6.0,20.7,11.2,10.4,1.1,11.0,26.4,21.8,7.3,2.1,11.0,24.6,18.2,8.9,1.7,3.0,17.7,5.5,8.3,0.8,16,34
10.0,22.0,8.2,7.1,1.1,7.0,22.1,13.3,12.5,1.3,7.0,20.9,7.7,11.4,1.1,8.0,18.6,5.8,7.9,0.8,37,21
8.0,20.8,13.4,6.7,1.2,5.0,19.9,10.9,10.5,1.1,5.0,23.4,15.1,7.3,1.5,8.0,21.3,12.6,10.3,1.3,15,22
6.0,19.5,7.7,11.0,0.9,11.0,21.9,10.7,10.3,1.0,5.0,20.6,12.0,7.5,1.5,9.0,23.0,18.5,9.7,1.5,34,34
4.0,17.5,5.6,10.1,1.1,8.0,22.3,10.4,9.9,1.3,11.0,22.9,15.9,7.0,1.5,11.0,24.3,17.2,7.3,1.8,13,45
10.0,27.2,21.8,6.8,1.9,12.0,23.1,17.8,7.3,1.6,6.0,22.6,14.2,8.7,1.6,6.0,19.7,5.9,10.9,0.9,36,30
6.0,19.9,13.4,11.8,1.1,6.0,23.2,14.7,10.9,1.6,11.0,26.2,19.9,8.8,1.9,5.0,18.5,7.3,10.5,0.9,18,33
10.0,23.9,16.9,10.4,1.4,5.0,20.1,6.7,8.4,1.0,4.0,22.8,15.0,5.7,1.7,7.0,22.1,13.3,12.5,1.3,14,9
13.0,25.0,16.1,10.0,1.4,5.0,20.6,12.0,7.5,1.5,7.0,20.9,7.7,11.4,1.1,8.0,20.1,8.1,10.0,1.0,27,19
8.0,21.3,12.6,10.3,1.3,5.0,19.6,11.6,10.1,1.1,3.0,15.1,3.7,11.5,0.7,4.0,20.6,10.8,11.8,1.1,28,21
6.0,22.6,14.2,8.7,1.6,9.0,23.0,18.5,9.7,1.5,5.0,22.3,18.9,7.9,1.4,6.0,20.7,11.2,10.4,1.1,30,28
11.0,24.6,18.2,8.9,1.7,6.0,19.7,5.9,10.9,0.9,6.0,19.9,13.4,11.8,1.1,8.0,22.3,10.4,9.9,1.3,20,40
3.0,17.7,5.5,8.3,0.8,5.0,19.9,10.9,10.5,1.1,10.0,27.2,21.8,6.8,1.9,7.0,22.7,16.2,8.8,1.6,19,50
5.0,23.4,15.1,7.3,1.5,8.0,18.6,5.8,7.9,0.8,11.0,21.9,10.7,10.3,1.0,4.0,17.5,5.6,10.1,1.1,39,0
10.0,23.9,16.9,10.4,1.4,11.0,24.3,17.2,7.3,1.8,9.0,22.4,12.3,6.8,1.2,5.0,20.2,10.4,9.6,1.0,35,19
5.0,18.5,7.3,10.5,0.9,10.0,22.0,8.2,7.1,1.1,12.0,23.1,17.8,7.3,1.6,8.0,20.8,13.4,6.7,1.2,6,37
11.0,22.9,15.9,7.0,1.5,9.0,21.6,9.9,8.3,1.0,10.0,20.4,9.0,7.7,1.1,6.0,19.5,7.7,11.0,0.9,0,12
7.0,21.9,13.6,10.3,1.4,8.0,22.9,13.3,6.8,1.5,6.0,23.2,14.7,10.9,1.6,11.0,26.4,21.8,7.3,2.1,36,40
8.0,21.5,13.9,10.5,1.2,6.0,19.9,10.3,12.7,1.1,5.0,20.1,6.7,8.4,1.0,11.0,26.2,19.9,8.8,1.9,28,40
10.0,23.9,16.9,10.4,1.4,10.0,27.2,21.8,6.8,1.9,8.0,21.3,12.6,10.3,1.3,5.0,19.6,11.6,10.1,1.1,40,27
8.0,21.5,13.9,10.5,1.2,11.0,21.9,10.7,10.3,1.0,7.0,21.9,13.6,10.3,1.4,6.0,19.9,13.4,11.8,1.1,32,35
11.0,24.3,17.2,7.3,1.8,13.0,25.0,16.1,10.0,1.4,6.0,22.6,14.2,8.7,1.6,11.0,22.9,15.9,7.0,1.5,26,18
11.0,26.4,21.8,7.3,2.1,11.0,24.6,18.2,8.9,1.7,7.0,22.7,16.2,8.8,1.6,11.0,26.2,19.9,8.8,1.9,25,37
10.0,23.9,16.9,10.4,1.4,10.0,27.2,21.8,6.8,1.9,9.0,21.6,9.9,8.3,1.0,8.0,20.8,13.4,6.7,1.2,36,22
8.0,21.3,12.6,10.3,1.3,5.0,19.6,11.6,10.1,1.1,5.0,20.6,12.0,7.5,1.5,9.0,23.0,18.5,9.7,1.5,29,0
5.0,23.4,15.1,7.3,1.5,4.0,20.6,10.8,11.8,1.1,8.0,21.5,13.9,10.5,1.2,11.0,21.9,10.7,10.3,1.0,25,27
10.0,22.0,8.2,7.1,1.1,7.0,22.1,13.3,12.5,1.3,7.0,21.9,13.6,10.3,1.4,6.0,19.9,13.4,11.8,1.1,18,26
11.0,24.3,17.2,7.3,1.8,13.0,25.0,16.1,10.0,1.4,8.0,22.3,10.4,9.9,1.3,5.0,22.3,18.9,7.9,1.4,39,24
6.0,22.6,14.2,8.7,1.6,11.0,22.9,15.9,7.0,1.5,8.0,22.9,13.3,6.8,1.5,12.0,23.1,17.8,7.3,1.6,17,0
11.0,26.4,21.8,7.3,2.1,11.0,24.6,18.2,8.9,1.7,5.0,18.5,7.3,10.5,0.9,7.0,20.9,7.7,11.4,1.1,0,0
11.0,26.4,21.8,7.3,2.1,11.0,24.6,18.2,8.9,1.7,5.0,18.5,7.3,10.5,0.9,7.0,20.9,7.7,11.4,1.1,48,11
7.0,22.7,16.2,8.8,1.6,11.0,26.2,19.9,8.8,1.9,5.0,20.1,6.7,8.4,1.0,6.0,23.2,14.7,10.9,1.6,36,29
2.0,15.4,12.9,13.4,1.1,2.0,16.9,16.9,10.5,1.5,2.0,13.9,10.0,12.5,0.9,3.0,20.0,18.9,8.7,1.6,24,30
2.0,15.2,12.9,13.4,0.9,2.0,13.9,10.0,12.5,0.9,2.0,13.6,12.7,12.2,1.0,3.0,20.0,18.9,8.7,1.6,35,27
2.0,15.4,12.9,13.4,1.1,2.0,16.9,16.9,10.5,1.5,4.0,22.3,17.8,5.4,1.8,2.0,15.2,12.9,13.4,0.9,24,39
2.0,15.2,12.9,13.4,0.9,2.0,15.5,3.9,13.5,0.6,2.0,13.6,12.7,12.2,1.0,2.0,13.9,10.0,12.5,0.9,31,28
2.0,13.9,10.0,12.5,0.9,4.0,22.3,17.8,5.4,1.8,3.0,20.0,18.9,8.7,1.6,2.0,16.9,16.9,10.5,1.5,19,31
4.0,22.3,17.8,5.4,1.8,2.0,15.4,12.9,13.4,1.1,2.0,15.5,3.9,13.5,0.6,2.0,13.6,12.7,12.2,1.0,31,10
3.0,20.0,18.9,8.7,1.6,4.0,22.3,17.8,5.4,1.8,2.0,15.4,12.9,13.4,1.1,2.0,15.5,3.9,13.5,0.6,38,9
8.0,22.1,9.6,6.3,1.4,9.0,25.3,14.9,8.0,1.7,5.0,22.4,11.4,8.4,1.2,6.0,18.9,8.3,8.3,1.0,35,17
9.0,22.9,11.5,9.5,1.2,6.0,20.9,10.4,14.4,1.0,6.0,24.1,21.7,9.8,1.9,9.0,23.4,12.6,8.6,1.5,25,46
9.0,23.0,12.4,9.8,1.3,6.0,23.0,13.5,7.4,1.0,6.0,21.9,13.2,8.7,1.3,6.0,23.5,16.7,8.5,1.9,35,23
8.0,21.5,8.2,10.9,1.1,7.0,24.2,12.6,7.4,1.7,12.0,27.6,21.6,9.1,2.1,10.0,26.2,16.2,7.2,1.8,27,42
10.0,19.2,5.4,12.3,0.8,4.0,19.6,10.8,12.3,1.1,7.0,20.7,10.9,9.8,1.4,9.0,23.1,12.7,6.8,1.4,21,36
6.0,20.3,12.8,8.3,1.2,8.0,24.0,13.1,6.5,1.5,8.0,21.0,7.7,9.3,1.0,5.0,18.4,11.0,10.9,1.1,30,13
5.0,22.8,11.8,8.3,1.5,7.0,21.1,10.6,8.8,1.2,7.0,21.3,9.6,8.8,1.1,6.0,20.0,8.8,7.0,1.0,20,20
6.0,23.9,17.4,9.3,1.6,14.0,22.3,9.1,10.8,1.0,10.0,24.0,14.4,10.1,1.7,8.0,25.2,18.6,8.6,2.0,34,35
8.0,22.9,14.5,8.6,1.6,8.0,22.5,12.5,9.6,1.4,9.0,21.3,8.6,9.3,1.2,6.0,23.0,14.4,11.5,1.2,17,19
3.0,18.2,7.4,12.1,0.8,5.0,20.4,12.2,7.4,1.1,12.0,21.9,10.5,11.3,1.1,7.0,20.5,11.0,10.8,1.0,21,36
8.0,22.1,11.6,12.6,1.1,12.0,23.9,14.1,8.1,1.5,9.0,18.6,9.1,11.8,1.0,8.0,22.4,12.8,6.1,1.3,25,19
12.0,24.4,17.4,8.6,1.6,8.0,26.6,20.8,7.6,1.9,9.0,20.1,8.2,11.6,0.7,7.0,23.1,14.5,11.2,1.3,38,26
6.0,21.9,10.4,8.1,1.4,9.0,22.4,11.7,10.9,1.2,6.0,21.5,9.2,6.8,1.1,10.0,22.3,10.7,10.2,1.0,29,25
10.0,23.7,14.1,10.9,1.4,7.0,21.3,9.6,8.8,1.1,10.0,19.2,5.4,12.3,0.8,5.0,18.4,11.0,10.9,1.1,19,0
9.0,23.4,12.6,8.6,1.5,10.0,24.0,14.4,10.1,1.7,8.0,21.5,8.2,10.9,1.1,8.0,22.1,9.6,6.3,1.4,34,21
6.0,18.9,8.3,8.3,1.0,6.0,23.0,13.5,7.4,1.0,6.0,20.9,10.4,14.4,1.0,4.0,19.6,10.8,12.3,1.1,33,23
10.0,26.2,16.2,7.2,1.8,10.0,23.6,15.0,7.9,1.6,8.0,22.9,14.5,8.6,1.6,6.0,20.0,8.8,7.0,1.0,32,17
6.0,21.9,13.2,8.7,1.3,7.0,21.1,10.6,8.8,1.2,8.0,22.1,11.6,12.6,1.1,9.0,22.9,11.5,9.5,1.2,24,34
5.0,22.4,11.4,8.4,1.2,7.0,20.7,10.9,9.8,1.4,8.0,21.0,7.7,9.3,1.0,7.0,23.1,14.5,11.2,1.3,31,16
6.0,23.5,16.7,8.5,1.9,12.0,21.9,10.5,11.3,1.1,9.0,25.3,14.9,8.0,1.7,6.0,20.3,12.8,8.3,1.2,20,26
9.0,21.3,8.6,9.3,1.2,9.0,20.1,8.2,11.6,0.7,10.0,23.7,14.1,10.9,1.4,8.0,25.2,18.6,8.6,2.0,27,42
6.0,21.5,9.2,6.8,1.1,6.0,24.1,21.7,9.8,1.9,12.0,23.9,14.1,8.1,1.5,14.0,22.3,9.1,10.8,1.0,31,27
6.0,23.0,14.4,11.5,1.2,9.0,18.6,9.1,11.8,1.0,3.0,18.2,7.4,12.1,0.8,10.0,22.3,10.7,10.2,1.0,30,3
7.0,20.5,11.0,10.8,1.0,8.0,22.4,12.8,6.1,1.3,12.0,27.6,21.6,9.1,2.1,6.0,21.9,10.4,8.1,1.4,9,30
8.0,24.0,13.1,6.5,1.5,8.0,22.5,12.5,9.6,1.4,5.0,22.8,11.8,8.3,1.5,5.0,20.4,12.2,7.4,1.1,22,30
5.0,21.5,10.9,8.2,1.4,7.0,24.2,12.6,7.4,1.7,12.0,24.4,17.4,8.6,1.6,9.0,22.4,11.7,10.9,1.2,31,34
7.0,24.1,14.8,7.7,1.8,6.0,23.9,17.4,9.3,1.6,12.0,21.9,10.5,11.3,1.1,8.0,22.1,11.6,12.6,1.1,33,26
9.0,23.1,12.7,6.8,1.4,9.0,23.4,12.6,8.6,1.5,7.0,21.1,10.6,8.8,1.2,6.0,23.5,16.7,8.5,1.9,32,31
7.0,23.1,14.5,11.2,1.3,4.0,19.6,10.8,12.3,1.1,9.0,22.9,11.5,9.5,1.2,8.0,21.5,8.2,10.9,1.1,28,25
5.0,18.4,11.0,10.9,1.1,14.0,22.3,9.1,10.8,1.0,9.0,23.0,12.4,9.8,1.3,9.0,21.3,8.6,9.3,1.2,31,35
10.0,22.3,10.7,10.2,1.0,9.0,25.3,14.9,8.0,1.7,10.0,23.6,15.0,7.9,1.6,7.0,20.7,10.9,9.8,1.4,23,38
6.0,20.9,10.4,14.4,1.0,5.0,20.4,12.2,7.4,1.1,8.0,22.1,9.6,6.3,1.4,9.0,20.1,8.2,11.6,0.7,8,15
6.0,20.3,12.8,8.3,1.2,6.0,20.0,8.8,7.0,1.0,6.0,23.0,13.5,7.4,1.0,6.0,23.0,14.4,11.5,1.2,9,1
6.0,18.9,8.3,8.3,1.0,7.0,24.2,12.6,7.4,1.7,6.0,23.9,17.4,9.3,1.6,8.0,24.0,13.1,6.5,1.5,26,17
9.0,18.6,9.1,11.8,1.0,6.0,24.1,21.7,9.8,1.9,7.0,20.5,11.0,10.8,1.0,7.0,24.1,14.8,7.7,1.8,23,35
5.0,22.8,11.8,8.3,1.5,6.0,21.9,13.2,8.7,1.3,8.0,22.4,12.8,6.1,1.3,10.0,26.2,16.2,7.2,1.8,3,33
10.0,19.2,5.4,12.3,0.8,12.0,24.4,17.4,8.6,1.6,8.0,22.9,14.5,8.6,1.6,6.0,21.9,10.4,8.1,1.4,20,41
12.0,27.6,21.6,9.1,2.1,8.0,21.0,7.7,9.3,1.0,10.0,24.0,14.4,10.1,1.7,3.0,18.2,7.4,12.1,0.8,41,21
8.0,25.2,18.6,8.6,2.0,6.0,21.5,9.2,6.8,1.1,5.0,22.4,11.4,8.4,1.2,5.0,21.5,10.9,8.2,1.4,30,6
8.0,26.6,20.8,7.6,1.9,10.0,23.7,14.1,10.9,1.4,12.0,23.9,14.1,8.1,1.5,7.0,21.1,10.6,8.8,1.2,37,28
8.0,22.1,11.6,12.6,1.1,9.0,23.0,12.4,9.8,1.3,7.0,24.2,12.6,7.4,1.7,6.0,20.9,10.4,14.4,1.0,34,20
6.0,23.0,14.4,11.5,1.2,7.0,20.7,10.9,9.8,1.4,14.0,22.3,9.1,10.8,1.0,9.0,23.4,12.6,8.6,1.5,24,37
7.0,20.5,11.0,10.8,1.0,9.0,22.9,11.5,9.5,1.2,6.0,18.9,8.3,8.3,1.0,9.0,22.4,11.7,10.9,1.2,37,15
12.0,21.9,10.5,11.3,1.1,8.0,22.4,12.8,6.1,1.3,9.0,23.1,12.7,6.8,1.4,9.0,20.1,8.2,11.6,0.7,30,19
3.0,18.2,7.4,12.1,0.8,7.0,23.1,14.5,11.2,1.3,6.0,23.9,17.4,9.3,1.6,6.0,21.9,13.2,8.7,1.3,30,36
6.0,20.0,8.8,7.0,1.0,8.0,25.2,18.6,8.6,2.0,10.0,19.2,5.4,12.3,0.8,5.0,20.4,12.2,7.4,1.1,36,26
12.0,23.9,14.1,8.1,1.5,10.0,23.6,15.0,7.9,1.6,9.0,21.3,8.6,9.3,1.2,8.0,21.0,7.7,9.3,1.0,46,12
7.0,24.1,14.8,7.7,1.8,12.0,27.6,21.6,9.1,2.1,4.0,19.6,10.8,12.3,1.1,6.0,20.3,12.8,8.3,1.2,39,18
9.0,18.6,9.1,11.8,1.0,12.0,24.4,17.4,8.6,1.6,9.0,25.3,14.9,8.0,1.7,8.0,22.5,12.5,9.6,1.4,31,36
10.0,26.2,16.2,7.2,1.8,8.0,22.1,9.6,6.3,1.4,7.0,21.3,9.6,8.8,1.1,8.0,26.6,20.8,7.6,1.9,30,27
6.0,21.9,10.4,8.1,1.4,5.0,18.4,11.0,10.9,1.1,6.0,24.1,21.7,9.8,1.9,6.0,23.5,16.7,8.5,1.9,26,40
8.0,22.9,14.5,8.6,1.6,10.0,22.3,10.7,10.2,1.0,10.0,24.0,14.4,10.1,1.7,5.0,22.4,11.4,8.4,1.2,25,19
5.0,21.5,10.9,8.2,1.4,6.0,23.0,13.5,7.4,1.0,10.0,23.7,14.1,10.9,1.4,8.0,24.0,13.1,6.5,1.5,4,26
9.0,21.3,8.6,9.3,1.2,9.0,22.9,11.5,9.5,1.2,7.0,24.2,12.6,7.4,1.7,5.0,22.8,11.8,8.3,1.5,17,31
3.0,18.2,7.4,12.1,0.8,6.0,20.3,12.8,8.3,1.2,7.0,21.1,10.6,8.8,1.2,6.0,21.5,9.2,6.8,1.1,14,26
9.0,20.1,8.2,11.6,0.7,8.0,22.1,11.6,12.6,1.1,4.0,19.6,10.8,12.3,1.1,9.0,22.4,11.7,10.9,1.2,34,18
5.0,18.4,11.0,10.9,1.1,12.0,23.9,14.1,8.1,1.5,8.0,25.2,18.6,8.6,2.0,6.0,18.9,8.3,8.3,1.0,26,38
6.0,24.1,21.7,9.8,1.9,9.0,23.1,12.7,6.8,1.4,6.0,20.0,8.8,7.0,1.0,8.0,21.5,8.2,10.9,1.1,22,12
10.0,23.6,15.0,7.9,1.6,6.0,21.9,10.4,8.1,1.4,12.0,21.9,10.5,11.3,1.1,8.0,26.6,20.8,7.6,1.9,16,35
6.0,23.5,16.7,8.5,1.9,14.0,22.3,9.1,10.8,1.0,5.0,21.5,10.9,8.2,1.4,9.0,18.6,9.1,11.8,1.0,39,27
7.0,23.1,14.5,11.2,1.3,10.0,26.2,16.2,7.2,1.8,6.0,23.0,13.5,7.4,1.0,10.0,19.2,5.4,12.3,0.8,28,25
10.0,22.3,10.7,10.2,1.0,7.0,24.1,14.8,7.7,1.8,9.0,23.0,12.4,9.8,1.3,8.0,22.5,12.5,9.6,1.4,30,29
8.0,21.0,7.7,9.3,1.0,6.0,23.0,14.4,11.5,1.2,10.0,23.7,14.1,10.9,1.4,12.0,24.4,17.4,8.6,1.6,33,41
5.0,22.4,11.4,8.4,1.2,9.0,23.4,12.6,8.6,1.5,7.0,20.5,11.0,10.8,1.0,8.0,24.0,13.1,6.5,1.5,15,33
10.0,24.0,14.4,10.1,1.7,6.0,21.9,13.2,8.7,1.3,7.0,20.7,10.9,9.8,1.4,5.0,20.4,12.2,7.4,1.1,30,18
8.0,22.4,12.8,6.1,1.3,8.0,22.1,9.6,6.3,1.4,6.0,23.9,17.4,9.3,1.6,8.0,22.9,14.5,8.6,1.6,28,33
7.0,21.3,9.6,8.8,1.1,6.0,18.9,8.3,8.3,1.0,5.0,21.5,10.9,8.2,1.4,6.0,24.1,21.7,9.8,1.9,3,21
4.0,19.6,10.8,12.3,1.1,7.0,21.1,10.6,8.8,1.2,10.0,23.6,15.0,7.9,1.6,8.0,25.2,18.6,8.6,2.0,30,43
5.0,22.8,11.8,8.3,1.5,9.0,22.4,11.7,10.9,1.2,7.0,23.1,14.5,11.2,1.3,7.0,24.1,14.8,7.7,1.8,22,34
7.0,20.5,11.0,10.8,1.0,9.0,21.3,8.6,9.3,1.2,9.0,23.1,12.7,6.8,1.4,12.0,24.4,17.4,8.6,1.6,13,19
8.0,24.0,13.1,6.5,1.5,6.0,20.9,10.4,14.4,1.0,3.0,18.2,7.4,12.1,0.8,10.0,19.2,5.4,12.3,0.8,29,13
8.0,22.9,14.5,8.6,1.6,7.0,20.7,10.9,9.8,1.4,8.0,21.5,8.2,10.9,1.1,8.0,26.6,20.8,7.6,1.9,33,35
6.0,20.3,12.8,8.3,1.2,10.0,22.3,10.7,10.2,1.0,8.0,22.1,9.6,6.3,1.4,9.0,22.9,11.5,9.5,1.2,32,15
9.0,20.1,8.2,11.6,0.7,8.0,21.0,7.7,9.3,1.0,7.0,24.2,12.6,7.4,1.7,6.0,23.5,16.7,8.5,1.9,16,35
14.0,22.3,9.1,10.8,1.0,8.0,22.1,11.6,12.6,1.1,12.0,27.6,21.6,9.1,2.1,6.0,23.0,13.5,7.4,1.0,24,47
5.0,20.4,12.2,7.4,1.1,6.0,21.5,9.2,6.8,1.1,8.0,22.4,12.8,6.1,1.3,6.0,23.0,14.4,11.5,1.2,27,23
10.0,24.0,14.4,10.1,1.7,7.0,21.3,9.6,8.8,1.1,9.0,23.0,12.4,9.8,1.3,6.0,21.9,10.4,8.1,1.4,37,16
9.0,25.3,14.9,8.0,1.7,6.0,23.9,17.4,9.3,1.6,9.0,23.4,12.6,8.6,1.5,10.0,26.2,16.2,7.2,1.8,32,23
5.0,22.4,11.4,8.4,1.2,8.0,22.5,12.5,9.6,1.4,6.0,21.9,13.2,8.7,1.3,12.0,23.9,14.1,8.1,1.5,27,21
5.0,18.4,11.0,10.9,1.1,6.0,20.0,8.8,7.0,1.0,7.0,20.5,11.0,10.8,1.0,4.0,19.6,10.8,12.3,1.1,14,34
6.0,20.9,10.4,14.4,1.0,10.0,23.7,14.1,10.9,1.4,7.0,20.7,10.9,9.8,1.4,7.0,24.1,14.8,7.7,1.8,24,47
8.0,25.2,18.6,8.6,2.0,8.0,22.1,9.6,6.3,1.4,6.0,24.1,21.7,9.8,1.9,6.0,23.0,13.5,7.4,1.0,32,31
7.0,23.1,14.5,11.2,1.3,5.0,21.5,10.9,8.2,1.4,8.0,22.9,14.5,8.6,1.6,6.0,20.3,12.8,8.3,1.2,23,39
10.0,26.2,16.2,7.2,1.8,3.0,18.2,7.4,12.1,0.8,6.0,18.9,8.3,8.3,1.0,9.0,21.3,8.6,9.3,1.2,12,8
6.0,23.5,16.7,8.5,1.9,8.0,21.5,8.2,10.9,1.1,5.0,22.4,11.4,8.4,1.2,5.0,20.4,12.2,7.4,1.1,21,18
8.0,26.6,20.8,7.6,1.9,9.0,22.9,11.5,9.5,1.2,12.0,27.6,21.6,9.1,2.1,6.0,20.0,8.8,7.0,1.0,39,33
9.0,23.4,12.6,8.6,1.5,9.0,23.0,12.4,9.8,1.3,9.0,18.6,9.1,11.8,1.0,6.0,21.5,9.2,6.8,1.1,29,24
8.0,22.4,12.8,6.1,1.3,10.0,23.6,15.0,7.9,1.6,5.0,18.4,11.0,10.9,1.1,9.0,22.4,11.7,10.9,1.2,28,21
9.0,25.3,14.9,8.0,1.7,9.0,20.1,8.2,11.6,0.7,12.0,23.9,14.1,8.1,1.5,5.0,22.8,11.8,8.3,1.5,8,16
10.0,19.2,5.4,12.3,0.8,12.0,21.9,10.5,11.3,1.1,10.0,24.0,14.4,10.1,1.7,8.0,22.5,12.5,9.6,1.4,20,44
8.0,21.0,7.7,9.3,1.0,6.0,21.9,10.4,8.1,1.4,9.0,23.1,12.7,6.8,1.4,6.0,23.9,17.4,9.3,1.6,26,31
7.0,24.2,12.6,7.4,1.7,7.0,21.1,10.6,8.8,1.2,10.0,22.3,10.7,10.2,1.0,14.0,22.3,9.1,10.8,1.0,36,11
6.0,21.9,13.2,8.7,1.3,12.0,24.4,17.4,8.6,1.6,7.0,21.3,9.6,8.8,1.1,8.0,24.0,13.1,6.5,1.5,30,25
7.0,20.5,11.0,10.8,1.0,7.0,20.7,10.9,9.8,1.4,6.0,21.5,9.2,6.8,1.1,6.0,23.5,16.7,8.5,1.9,42,14
8.0,22.9,14.5,8.6,1.6,9.0,18.6,9.1,11.8,1.0,5.0,18.4,11.0,10.9,1.1,12.0,27.6,21.6,9.1,2.1,32,41
6.0,23.0,13.5,7.4,1.0,5.0,20.4,12.2,7.4,1.1,8.0,26.6,20.8,7.6,1.9,9.0,21.3,8.6,9.3,1.2,30,40
6.0,18.9,8.3,8.3,1.0,8.0,22.5,12.5,9.6,1.4,6.0,20.3,12.8,8.3,1.2,10.0,23.7,14.1,10.9,1.4,27,38
5.0,22.4,11.4,8.4,1.2,9.0,22.9,11.5,9.5,1.2,6.0,21.9,10.4,8.1,1.4,9.0,20.1,8.2,11.6,0.7,24,23
8.0,21.0,7.7,9.3,1.0,9.0,22.4,11.7,10.9,1.2,7.0,21.1,10.6,8.8,1.2,10.0,26.2,16.2,7.2,1.8,26,30
4.0,19.6,10.8,12.3,1.1,6.0,24.1,21.7,9.8,1.9,7.0,24.2,12.6,7.4,1.7,9.0,25.3,14.9,8.0,1.7,23,28
12.0,23.9,14.1,8.1,1.5,6.0,20.0,8.8,7.0,1.0,5.0,21.5,10.9,8.2,1.4,6.0,23.9,17.4,9.3,1.6,8,34
5.0,22.8,11.8,8.3,1.5,12.0,21.9,10.5,11.3,1.1,9.0,23.0,12.4,9.8,1.3,6.0,23.0,14.4,11.5,1.2,26,28
8.0,21.5,8.2,10.9,1.1,10.0,23.6,15.0,7.9,1.6,3.0,18.2,7.4,12.1,0.8,8.0,22.1,11.6,12.6,1.1,24,20
7.0,24.1,14.8,7.7,1.8,9.0,23.1,12.7,6.8,1.4,8.0,22.1,9.6,6.3,1.4,14.0,22.3,9.1,10.8,1.0,31,24
10.0,24.0,14.4,10.1,1.7,12.0,24.4,17.4,8.6,1.6,6.0,20.9,10.4,14.4,1.0,8.0,22.4,12.8,6.1,1.3,27,35
8.0,25.2,18.6,8.6,2.0,7.0,21.3,9.6,8.8,1.1,7.0,23.1,14.5,11.2,1.3,10.0,22.3,10.7,10.2,1.0,18,25
7.0,24.1,14.8,7.7,1.8,8.0,26.6,20.8,7.6,1.9,7.0,24.2,12.6,7.4,1.7,6.0,23.5,16.7,8.5,1.9,33,27
8.0,25.2,18.6,8.6,2.0,10.0,26.2,16.2,7.2,1.8,9.0,23.1,12.7,6.8,1.4,8.0,22.4,12.8,6.1,1.3,36,15
12.0,27.6,21.6,9.1,2.1,6.0,24.1,21.7,9.8,1.9,6.0,23.9,17.4,9.3,1.6,9.0,25.3,14.9,8.0,1.7,32,39
5.0,22.8,11.8,8.3,1.5,12.0,23.9,14.1,8.1,1.5,9.0,23.4,12.6,8.6,1.5,10.0,23.7,14.1,10.9,1.4,27,34
7.0,24.1,14.8,7.7,1.8,8.0,26.6,20.8,7.6,1.9,8.0,22.9,14.5,8.6,1.6,9.0,22.9,11.5,9.5,1.2,39,31
7.0,24.2,12.6,7.4,1.7,6.0,23.5,16.7,8.5,1.9,6.0,20.3,12.8,8.3,1.2,8.0,22.1,11.6,12.6,1.1,34,22
8.0,25.2,18.6,8.6,2.0,10.0,26.2,16.2,7.2,1.8,6.0,21.5,9.2,6.8,1.1,6.0,21.9,10.4,8.1,1.4,31,14
8.0,22.5,12.5,9.6,1.4,9.0,22.4,11.7,10.9,1.2,9.0,23.1,12.7,6.8,1.4,8.0,22.4,12.8,6.1,1.3,10,20
12.0,27.6,21.6,9.1,2.1,6.0,24.1,21.7,9.8,1.9,8.0,22.1,9.6,6.3,1.4,12.0,24.4,17.4,8.6,1.6,32,31
6.0,23.9,17.4,9.3,1.6,9.0,25.3,14.9,8.0,1.7,7.0,20.5,11.0,10.8,1.0,10.0,24.0,14.4,10.1,1.7,38,17
10.0,23.6,15.0,7.9,1.6,9.0,23.0,12.4,9.8,1.3,5.0,22.8,11.8,8.3,1.5,12.0,23.9,14.1,8.1,1.5,27,36
6.0,21.8,14.8,12.4,1.3,5.0,20.2,5.3,11.2,0.8,6.0,23.7,15.7,6.6,1.6,6.0,21.1,7.0,9.6,1.0,28,29
12.0,22.8,10.3,9.9,1.3,5.0,21.7,7.1,6.0,1.1,5.0,20.4,5.5,7.5,1.1,11.0,26.4,18.2,8.2,1.7,33,17
8.0,25.1,11.6,7.5,1.4,13.0,23.7,15.5,12.0,1.3,5.0,22.9,12.6,9.0,1.4,7.0,21.7,10.0,8.2,1.2,35,39
7.0,24.0,17.0,11.1,1.5,9.0,21.1,10.4,11.0,1.1,6.0,22.4,12.4,11.2,1.0,11.0,25.0,16.5,6.9,1.7,35,33
14.0,22.3,8.7,10.3,1.1,6.0,21.3,7.5,9.3,1.1,5.0,20.4,6.8,6.6,0.8,8.0,24.0,12.2,8.3,1.4,12,34
3.0,17.3,7.4,15.0,1.0,9.0,21.9,8.7,8.1,1.0,11.0,24.8,13.5,9.1,1.5,6.0,21.8,8.5,7.7,1.2,27,38
11.0,24.7,14.3,10.9,1.5,4.0,17.5,7.0,15.3,0.9,7.0,21.8,7.8,8.2,0.9,2.0,16.0,4.7,16.6,0.6,32,22
7.0,24.0,12.3,7.0,1.5,5.0,21.2,7.7,5.5,0.9,5.0,19.8,6.9,8.0,1.1,9.0,24.0,11.8,5.6,1.6,26,28
8.0,21.1,10.2,10.9,1.0,4.0,15.6,3.7,17.9,0.3,18.0,24.3,14.6,9.6,1.5,10.0,24.1,16.2,6.7,1.4,3,37
7.0,25.2,18.3,3.2,1.9,3.0,18.8,11.6,11.1,1.2,11.0,24.9,17.0,10.8,1.5,13.0,24.8,15.6,9.0,1.5,28,28
7.0,21.7,10.0,8.2,1.2,8.0,24.0,12.2,8.3,1.4,3.0,17.3,7.4,15.0,1.0,6.0,21.8,14.8,12.4,1.3,31,25
5.0,20.4,5.5,7.5,1.1,13.0,23.7,15.5,12.0,1.3,4.0,17.5,7.0,15.3,0.9,5.0,20.2,5.3,11.2,0.8,39,18
6.0,21.1,7.0,9.6,1.0,9.0,24.0,11.8,5.6,1.6,12.0,22.8,10.3,9.9,1.3,11.0,24.7,14.3,10.9,1.5,13,47
6.0,21.8,8.5,7.7,1.2,5.0,20.4,6.8,6.6,0.8,9.0,21.1,10.4,11.0,1.1,5.0,21.7,7.1,6.0,1.1,24,31
5.0,22.9,12.6,9.0,1.4,10.0,24.1,16.2,6.7,1.4,3.0,18.8,11.6,11.1,1.2,14.0,22.3,8.7,10.3,1.1,38,26
2.0,16.0,4.7,16.6,0.6,6.0,23.7,15.7,6.6,1.6,4.0,15.6,3.7,17.9,0.3,7.0,25.2,18.3,3.2,1.9,27,23
11.0,24.9,17.0,10.8,1.5,18.0,24.3,14.6,9.6,1.5,5.0,21.2,7.7,5.5,0.9,7.0,24.0,17.0,11.1,1.5,40,15
11.0,25.0,16.5,6.9,1.7,11.0,24.8,13.5,9.1,1.5,11.0,26.4,18.2,8.2,1.7,13.0,24.8,15.6,9.0,1.5,25,31
7.0,24.0,12.3,7.0,1.5,7.0,21.8,7.8,8.2,0.9,6.0,21.3,7.5,9.3,1.1,8.0,21.1,10.2,10.9,1.0,12,19
5.0,19.8,6.9,8.0,1.1,6.0,22.4,12.4,11.2,1.0,9.0,21.9,8.7,8.1,1.0,8.0,25.1,11.6,7.5,1.4,12,25
7.0,25.2,18.3,3.2,1.9,14.0,22.3,8.7,10.3,1.1,9.0,24.0,11.8,5.6,1.6,9.0,21.1,10.4,11.0,1.1,25,22
5.0,20.4,5.5,7.5,1.1,3.0,17.3,7.4,15.0,1.0,5.0,20.4,6.8,6.6,0.8,11.0,24.7,14.3,10.9,1.5,6,25
11.0,26.4,18.2,8.2,1.7,2.0,16.0,4.7,16.6,0.6,13.0,23.7,15.5,12.0,1.3,10.0,24.1,16.2,6.7,1.4,24,47
7.0,24.0,17.0,11.1,1.5,5.0,22.9,12.6,9.0,1.4,7.0,24.0,12.3,7.0,1.5,11.0,24.8,13.5,9.1,1.5,27,29
5.0,20.2,5.3,11.2,0.8,5.0,21.7,7.1,6.0,1.1,4.0,15.6,3.7,17.9,0.3,5.0,21.2,7.7,5.5,0.9,28,24
6.0,21.1,7.0,9.6,1.0,6.0,21.8,8.5,7.7,1.2,3.0,18.8,11.6,11.1,1.2,6.0,22.4,12.4,11.2,1.0,36,22
13.0,24.8,15.6,9.0,1.5,8.0,24.0,12.2,8.3,1.4,8.0,25.1,11.6,7.5,1.4,8.0,21.1,10.2,10.9,1.0,29,39
9.0,21.9,8.7,8.1,1.0,7.0,21.8,7.8,8.2,0.9,12.0,22.8,10.3,9.9,1.3,11.0,25.0,16.5,6.9,1.7,16,11
6.0,21.3,7.5,9.3,1.1,18.0,24.3,14.6,9.6,1.5,11.0,24.9,17.0,10.8,1.5,6.0,21.8,14.8,12.4,1.3,27,32
5.0,19.8,6.9,8.0,1.1,4.0,17.5,7.0,15.3,0.9,6.0,23.7,15.7,6.6,1.6,7.0,21.7,10.0,8.2,1.2,5,50
7.0,24.0,12.3,7.0,1.5,6.0,21.1,7.0,9.6,1.0,5.0,21.7,7.1,6.0,1.1,7.0,25.2,18.3,3.2,1.9,20,29
11.0,24.7,14.3,10.9,1.5,3.0,18.8,11.6,11.1,1.2,7.0,24.0,17.0,11.1,1.5,8.0,24.0,12.2,8.3,1.4,23,43
9.0,24.0,11.8,5.6,1.6,11.0,26.4,18.2,8.2,1.7,6.0,22.4,12.4,11.2,1.0,4.0,15.6,3.7,17.9,0.3,23,24
11.0,24.8,13.5,9.1,1.5,18.0,24.3,14.6,9.6,1.5,5.0,20.2,5.3,11.2,0.8,7.0,21.8,7.8,8.2,0.9,40,24
7.0,21.7,10.0,8.2,1.2,13.0,24.8,15.6,9.0,1.5,14.0,22.3,8.7,10.3,1.1,6.0,21.8,8.5,7.7,1.2,32,32
4.0,17.5,7.0,15.3,0.9,9.0,21.1,10.4,11.0,1.1,13.0,23.7,15.5,12.0,1.3,3.0,17.3,7.4,15.0,1.0,22,34
11.0,25.0,16.5,6.9,1.7,5.0,21.2,7.7,5.5,0.9,5.0,20.4,6.8,6.6,0.8,2.0,16.0,4.7,16.6,0.6,15,22
12.0,22.8,10.3,9.9,1.3,8.0,25.1,11.6,7.5,1.4,6.0,21.3,7.5,9.3,1.1,6.0,23.7,15.7,6.6,1.6,8,29
11.0,24.9,17.0,10.8,1.5,10.0,24.1,16.2,6.7,1.4,9.0,21.9,8.7,8.1,1.0,5.0,20.4,5.5,7.5,1.1,46,16
8.0,21.1,10.2,10.9,1.0,6.0,21.8,14.8,12.4,1.3,5.0,22.9,12.6,9.0,1.4,5.0,19.8,6.9,8.0,1.1,31,27
14.0,22.3,8.7,10.3,1.1,11.0,26.4,18.2,8.2,1.7,6.0,21.1,7.0,9.6,1.0,7.0,21.8,7.8,8.2,0.9,38,23
4.0,15.6,3.7,17.9,0.3,6.0,21.8,8.5,7.7,1.2,4.0,17.5,7.0,15.3,0.9,7.0,24.0,17.0,11.1,1.5,0,24
6.0,22.4,12.4,11.2,1.0,7.0,21.7,10.0,8.2,1.2,7.0,24.0,12.3,7.0,1.5,18.0,24.3,14.6,9.6,1.5,10,14
10.0,24.1,16.2,6.7,1.4,6.0,21.3,7.5,9.3,1.1,11.0,24.7,14.3,10.9,1.5,11.0,25.0,16.5,6.9,1.7,38,31
5.0,20.4,6.8,6.6,0.8,12.0,22.8,10.3,9.9,1.3,11.0,24.8,13.5,9.1,1.5,5.0,19.8,6.9,8.0,1.1,22,23
8.0,25.1,11.6,7.5,1.4,5.0,20.2,5.3,11.2,0.8,11.0,24.9,17.0,10.8,1.5,3.0,17.3,7.4,15.0,1.0,29,35
13.0,23.7,15.5,12.0,1.3,7.0,25.2,18.3,3.2,1.9,9.0,21.9,8.7,8.1,1.0,8.0,24.0,12.2,8.3,1.4,45,24
6.0,21.8,14.8,12.4,1.3,3.0,18.8,11.6,11.1,1.2,9.0,21.1,10.4,11.0,1.1,5.0,21.2,7.7,5.5,0.9,26,32
5.0,21.7,7.1,6.0,1.1,2.0,16.0,4.7,16.6,0.6,9.0,24.0,11.8,5.6,1.6,8.0,21.1,10.2,10.9,1.0,26,29
6.0,23.7,15.7,6.6,1.6,13.0,24.8,15.6,9.0,1.5,5.0,22.9,12.6,9.0,1.4,5.0,20.4,5.5,7.5,1.1,38,25
4.0,15.6,3.7,17.9,0.3,5.0,19.8,6.9,8.0,1.1,3.0,17.3,7.4,15.0,1.0,6.0,21.1,7.0,9.6,1.0,10,15
9.0,21.9,8.7,8.1,1.0,7.0,24.0,17.0,11.1,1.5,5.0,20.2,5.3,11.2,0.8,11.0,26.4,18.2,8.2,1.7,27,37
6.0,21.8,14.8,12.4,1.3,13.0,23.7,15.5,12.0,1.3,12.0,22.8,10.3,9.9,1.3,6.0,21.8,8.5,7.7,1.2,42,25
8.0,24.0,12.2,8.3,1.4,6.0,22.4,12.4,11.2,1.0,10.0,24.1,16.2,6.7,1.4,5.0,21.2,7.7,5.5,0.9,26,22
7.0,21.8,7.8,8.2,0.9,9.0,21.1,10.4,11.0,1.1,7.0,21.7,10.0,8.2,1.2,11.0,24.9,17.0,10.8,1.5,22,46
11.0,24.8,13.5,9.1,1.5,9.0,24.0,11.8,5.6,1.6,7.0,25.2,18.3,3.2,1.9,6.0,21.3,7.5,9.3,1.1,32,27
11.0,24.7,14.3,10.9,1.5,5.0,22.9,12.6,9.0,1.4,5.0,21.7,7.1,6.0,1.1,18.0,24.3,14.6,9.6,1.5,22,36
5.0,20.4,6.8,6.6,0.8,4.0,17.5,7.0,15.3,0.9,7.0,24.0,12.3,7.0,1.5,13.0,24.8,15.6,9.0,1.5,12,38
6.0,23.7,15.7,6.6,1.6,8.0,21.1,10.2,10.9,1.0,3.0,18.8,11.6,11.1,1.2,11.0,25.0,16.5,6.9,1.7,21,26
5.0,20.4,5.5,7.5,1.1,2.0,16.0,4.7,16.6,0.6,8.0,25.1,11.6,7.5,1.4,14.0,22.3,8.7,10.3,1.1,6,47
12.0,22.8,10.3,9.9,1.3,7.0,25.2,18.3,3.2,1.9,5.0,20.2,5.3,11.2,0.8,7.0,21.7,10.0,8.2,1.2,34,12
5.0,22.9,12.6,9.0,1.4,5.0,21.2,7.7,5.5,0.9,6.0,21.3,7.5,9.3,1.1,6.0,21.1,7.0,9.6,1.0,17,19
5.0,20.4,6.8,6.6,0.8,11.0,24.9,17.0,10.8,1.5,13.0,23.7,15.5,12.0,1.3,4.0,15.6,3.7,17.9,0.3,40,32
8.0,21.1,10.2,10.9,1.0,9.0,21.1,10.4,11.0,1.1,9.0,21.9,8.7,8.1,1.0,11.0,24.7,14.3,10.9,1.5,27,7
7.0,24.0,12.3,7.0,1.5,11.0,25.0,16.5,6.9,1.7,6.0,21.8,14.8,12.4,1.3,5.0,20.4,5.5,7.5,1.1,12,15
6.0,22.4,12.4,11.2,1.0,14.0,22.3,8.7,10.3,1.1,5.0,21.7,7.1,6.0,1.1,11.0,24.8,13.5,9.1,1.5,19,30
11.0,26.4,18.2,8.2,1.7,3.0,18.8,11.6,11.1,1.2,8.0,25.1,11.6,7.5,1.4,4.0,17.5,7.0,15.3,0.9,40,24
3.0,17.3,7.4,15.0,1.0,6.0,23.7,15.7,6.6,1.6,10.0,24.1,16.2,6.7,1.4,7.0,21.8,7.8,8.2,0.9,21,40
5.0,19.8,6.9,8.0,1.1,13.0,24.8,15.6,9.0,1.5,2.0,16.0,4.7,16.6,0.6,7.0,24.0,17.0,11.1,1.5,21,14
18.0,24.3,14.6,9.6,1.5,8.0,24.0,12.2,8.3,1.4,6.0,21.8,8.5,7.7,1.2,9.0,24.0,11.8,5.6,1.6,24,20
11.0,24.8,13.5,9.1,1.5,6.0,21.1,7.0,9.6,1.0,8.0,21.1,10.2,10.9,1.0,13.0,23.7,15.5,12.0,1.3,26,35
5.0,21.2,7.7,5.5,0.9,9.0,21.9,8.7,8.1,1.0,14.0,22.3,8.7,10.3,1.1,4.0,17.5,7.0,15.3,0.9,25,9
7.0,21.8,7.8,8.2,0.9,3.0,17.3,7.4,15.0,1.0,6.0,22.4,12.4,11.2,1.0,5.0,22.9,12.6,9.0,1.4,13,31
10.0,24.1,16.2,6.7,1.4,7.0,24.0,17.0,11.1,1.5,5.0,20.4,6.8,6.6,0.8,6.0,21.8,14.8,12.4,1.3,29,19
11.0,24.9,17.0,10.8,1.5,8.0,24.0,12.2,8.3,1.4,2.0,16.0,4.7,16.6,0.6,12.0,22.8,10.3,9.9,1.3,38,0
8.0,25.1,11.6,7.5,1.4,11.0,24.7,14.3,10.9,1.5,7.0,24.0,12.3,7.0,1.5,4.0,15.6,3.7,17.9,0.3,43,27
5.0,21.7,7.1,6.0,1.1,6.0,21.8,8.5,7.7,1.2,6.0,23.7,15.7,6.6,1.6,11.0,26.4,18.2,8.2,1.7,0,34
9.0,24.0,11.8,5.6,1.6,7.0,21.7,10.0,8.2,1.2,5.0,20.4,5.5,7.5,1.1,3.0,18.8,11.6,11.1,1.2,41,20
6.0,21.3,7.5,9.3,1.1,5.0,20.2,5.3,11.2,0.8,9.0,21.1,10.4,11.0,1.1,13.0,24.8,15.6,9.0,1.5,28,33
11.0,25.0,16.5,6.9,1.7,7.0,25.2,18.3,3.2,1.9,5.0,19.8,6.9,8.0,1.1,18.0,24.3,14.6,9.6,1.5,30,23
11.0,24.8,13.5,9.1,1.5,4.0,17.5,7.0,15.3,0.9,10.0,24.1,16.2,6.7,1.4,6.0,21.8,14.8,12.4,1.3,33,38
11.0,24.7,14.3,10.9,1.5,6.0,21.8,8.5,7.7,1.2,11.0,26.4,18.2,8.2,1.7,5.0,21.2,7.7,5.5,0.9,11,10
7.0,21.7,10.0,8.2,1.2,9.0,21.9,8.7,8.1,1.0,6.0,21.1,7.0,9.6,1.0,2.0,16.0,4.7,16.6,0.6,40,9
5.0,20.4,5.5,7.5,1.1,4.0,15.6,3.7,17.9,0.3,8.0,24.0,12.2,8.3,1.4,9.0,21.1,10.4,11.0,1.1,9,29
9.0,24.0,11.8,5.6,1.6,5.0,22.9,12.6,9.0,1.4,11.0,25.0,16.5,6.9,1.7,5.0,20.2,5.3,11.2,0.8,25,20
3.0,17.3,7.4,15.0,1.0,18.0,24.3,14.6,9.6,1.5,13.0,24.8,15.6,9.0,1.5,12.0,22.8,10.3,9.9,1.3,22,12
3.0,18.8,11.6,11.1,1.2,6.0,21.3,7.5,9.3,1.1,13.0,23.7,15.5,12.0,1.3,5.0,19.8,6.9,8.0,1.1,1,25
8.0,25.1,11.6,7.5,1.4,7.0,21.8,7.8,8.2,0.9,5.0,21.7,7.1,6.0,1.1,7.0,24.0,17.0,11.1,1.5,15,26
5.0,20.4,6.8,6.6,0.8,8.0,21.1,10.2,10.9,1.0,6.0,22.4,12.4,11.2,1.0,7.0,25.2,18.3,3.2,1.9,16,44
6.0,23.7,15.7,6.6,1.6,7.0,24.0,12.3,7.0,1.5,11.0,24.9,17.0,10.8,1.5,14.0,22.3,8.7,10.3,1.1,35,27
9.0,21.1,10.4,11.0,1.1,11.0,26.4,18.2,8.2,1.7,5.0,22.9,12.6,9.0,1.4,8.0,24.0,12.2,8.3,1.4,30,8
4.0,15.6,3.7,17.9,0.3,6.0,21.3,7.5,9.3,1.1,7.0,21.7,10.0,8.2,1.2,11.0,24.8,13.5,9.1,1.5,8,45
13.0,24.8,15.6,9.0,1.5,6.0,21.8,14.8,12.4,1.3,9.0,21.9,8.7,8.1,1.0,9.0,24.0,11.8,5.6,1.6,17,32
5.0,20.2,5.3,11.2,0.8,10.0,24.1,16.2,6.7,1.4,6.0,21.8,8.5,7.7,1.2,5.0,19.8,6.9,8.0,1.1,30,35
6.0,22.4,12.4,11.2,1.0,13.0,23.7,15.5,12.0,1.3,6.0,23.7,15.7,6.6,1.6,11.0,24.7,14.3,10.9,1.5,50,32
12.0,22.8,10.3,9.9,1.3,14.0,22.3,8.7,10.3,1.1,7.0,24.0,17.0,11.1,1.5,8.0,21.1,10.2,10.9,1.0,23,22
2.0,16.0,4.7,16.6,0.6,3.0,17.3,7.4,15.0,1.0,3.0,18.8,11.6,11.1,1.2,7.0,24.0,12.3,7.0,1.5,22,37
5.0,20.4,5.5,7.5,1.1,5.0,21.2,7.7,5.5,0.9,7.0,21.8,7.8,8.2,0.9,7.0,25.2,18.3,3.2,1.9,7,40
18.0,24.3,14.6,9.6,1.5,6.0,21.1,7.0,9.6,1.0,8.0,25.1,11.6,7.5,1.4,5.0,20.4,6.8,6.6,0.8,13,24
5.0,21.7,7.1,6.0,1.1,11.0,24.9,17.0,10.8,1.5,4.0,17.5,7.0,15.3,0.9,11.0,25.0,16.5,6.9,1.7,10,17
13.0,23.7,15.5,12.0,1.3,11.0,24.7,14.3,10.9,1.5,12.0,22.8,10.3,9.9,1.3,8.0,24.0,12.2,8.3,1.4,43,28
6.0,22.4,12.4,11.2,1.0,6.0,21.3,7.5,9.3,1.1,11.0,24.9,17.0,10.8,1.5,13.0,24.8,15.6,9.0,1.5,24,46
10.0,24.1,16.2,6.7,1.4,18.0,24.3,14.6,9.6,1.5,11.0,26.4,18.2,8.2,1.7,11.0,25.0,16.5,6.9,1.7,30,22
7.0,25.2,18.3,3.2,1.9,11.0,24.8,13.5,9.1,1.5,7.0,21.7,10.0,8.2,1.2,7.0,24.0,17.0,11.1,1.5,0,19
13.0,23.7,15.5,12.0,1.3,11.0,24.7,14.3,10.9,1.5,5.0,19.8,6.9,8.0,1.1,5.0,22.9,12.6,9.0,1.4,44,16
12.0,22.8,10.3,9.9,1.3,8.0,24.0,12.2,8.3,1.4,6.0,23.7,15.7,6.6,1.6,7.0,24.0,12.3,7.0,1.5,36,26
5.0,21.7,7.1,6.0,1.1,9.0,21.1,10.4,11.0,1.1,6.0,22.4,12.4,11.2,1.0,6.0,21.3,7.5,9.3,1.1,0,17
11.0,24.9,17.0,10.8,1.5,13.0,24.8,15.6,9.0,1.5,6.0,21.8,8.5,7.7,1.2,8.0,21.1,10.2,10.9,1.0,35,27
10.0,24.1,16.2,6.7,1.4,18.0,24.3,14.6,9.6,1.5,8.0,25.1,11.6,7.5,1.4,7.0,21.8,7.8,8.2,0.9,26,0
11.0,26.4,18.2,8.2,1.7,11.0,25.0,16.5,6.9,1.7,9.0,24.0,11.8,5.6,1.6,9.0,21.9,8.7,8.1,1.0,29,24
7.0,25.2,18.3,3.2,1.9,11.0,24.8,13.5,9.1,1.5,5.0,20.4,6.8,6.6,0.8,3.0,17.3,7.4,15.0,1.0,48,13
7.0,21.7,10.0,8.2,1.2,7.0,24.0,17.0,11.1,1.5,14.0,22.3,8.7,10.3,1.1,6.0,21.8,14.8,12.4,1.3,34,23
5.0,19.9,3.9,7.7,0.9,6.0,20.1,8.7,10.8,0.8,9.0,20.2,4.9,10.7,0.8,5.0,20.0,10.8,11.2,1.0,22,29
13.0,26.7,19.4,9.0,1.7,10.0,23.6,16.6,10.0,1.4,7.0,21.9,6.0,4.8,1.1,7.0,22.8,12.2,7.6,1.3,48,7
8.0,21.5,6.4,5.6,1.2,6.0,20.7,7.7,9.5,1.0,5.0,21.4,9.7,8.4,1.3,9.0,22.4,12.7,9.3,1.3,12,29
7.0,25.8,16.5,7.5,1.7,13.0,26.2,16.7,7.8,1.7,13.0,24.9,16.2,7.9,1.6,6.0,20.3,16.2,10.2,1.2,30,26
4.0,22.0,15.0,13.2,1.3,4.0,17.6,5.9,13.7,0.8,6.0,21.7,8.4,8.4,1.1,14.0,25.7,17.3,10.0,1.6,11,40
5.0,21.8,14.2,9.3,1.7,5.0,20.6,4.7,12.7,0.6,10.0,22.1,8.9,8.0,1.2,5.0,23.1,10.5,4.6,1.3,28,24
5.0,21.9,4.1,9.3,1.2,6.0,23.7,18.1,11.2,1.6,6.0,21.1,6.4,9.1,1.0,8.0,21.6,12.0,8.5,1.1,39,23
5.0,19.3,12.0,8.9,1.0,6.0,24.1,11.5,7.1,1.5,5.0,20.9,9.0,14.7,0.8,9.0,22.5,6.4,9.5,1.1,32,31
5.0,18.4,8.4,13.4,0.9,6.0,21.4,13.5,12.5,1.2,7.0,22.7,9.5,5.3,1.4,4.0,20.9,13.4,8.2,1.4,21,22
7.0,24.3,13.9,7.9,1.6,5.0,20.6,12.3,8.8,1.3,5.0,21.5,9.7,6.9,1.3,5.0,19.1,2.3,9.5,0.7,40,27
5.0,23.1,10.5,4.6,1.3,6.0,20.3,16.2,10.2,1.2,10.0,23.6,16.6,10.0,1.4,6.0,20.1,8.7,10.8,0.8,39,20
7.0,22.8,12.2,7.6,1.3,9.0,22.4,12.7,9.3,1.3,5.0,21.8,14.2,9.3,1.7,6.0,21.7,8.4,8.4,1.1,19,18
7.0,21.9,6.0,4.8,1.1,5.0,19.9,3.9,7.7,0.9,5.0,19.3,12.0,8.9,1.0,8.0,21.5,6.4,5.6,1.2,14,29
10.0,22.1,8.9,8.0,1.2,9.0,20.2,4.9,10.7,0.8,5.0,21.9,4.1,9.3,1.2,5.0,21.4,9.7,8.4,1.3,6,15
8.0,21.6,12.0,8.5,1.1,5.0,20.9,9.0,14.7,0.8,7.0,24.3,13.9,7.9,1.6,4.0,17.6,5.9,13.7,0.8,28,30
5.0,21.5,9.7,6.9,1.3,7.0,22.7,9.5,5.3,1.4,5.0,20.6,4.7,12.7,0.6,7.0,25.8,16.5,7.5,1.7,30,22
5.0,20.0,10.8,11.2,1.0,13.0,24.9,16.2,7.9,1.6,6.0,21.4,13.5,12.5,1.2,4.0,22.0,15.0,13.2,1.3,21,22
6.0,21.1,6.4,9.1,1.0,9.0,22.5,6.4,9.5,1.1,5.0,20.6,12.3,8.8,1.3,13.0,26.2,16.7,7.8,1.7,3,24
6.0,23.7,18.1,11.2,1.6,14.0,25.7,17.3,10.0,1.6,6.0,24.1,11.5,7.1,1.5,5.0,18.4,8.4,13.4,0.9,42,23
5.0,19.1,2.3,9.5,0.7,4.0,20.9,13.4,8.2,1.4,13.0,26.7,19.4,9.0,1.7,6.0,20.7,7.7,9.5,1.0,20,39
5.0,21.9,4.1,9.3,1.2,7.0,22.8,12.2,7.6,1.3,5.0,20.6,4.7,12.7,0.6,6.0,20.3,16.2,10.2,1.2,12,27
7.0,21.9,6.0,4.8,1.1,5.0,21.4,9.7,8.4,1.3,6.0,20.1,8.7,10.8,0.8,7.0,22.7,9.5,5.3,1.4,34,19
5.0,23.1,10.5,4.6,1.3,5.0,20.9,9.0,14.7,0.8,13.0,26.2,16.7,7.8,1.7,4.0,22.0,15.0,13.2,1.3,21,32
5.0,20.6,12.3,8.8,1.3,8.0,21.6,12.0,8.5,1.1,9.0,22.4,12.7,9.3,1.3,5.0,18.4,8.4,13.4,0.9,24,26
7.0,25.8,16.5,7.5,1.7,9.0,22.5,6.4,9.5,1.1,5.0,19.1,2.3,9.5,0.7,6.0,21.4,13.5,12.5,1.2,30,22
10.0,22.1,8.9,8.0,1.2,6.0,21.7,8.4,8.4,1.1,5.0,19.3,12.0,8.9,1.0,4.0,20.9,13.4,8.2,1.4,21,11
13.0,24.9,16.2,7.9,1.6,6.0,20.7,7.7,9.5,1.0,5.0,21.5,9.7,6.9,1.3,6.0,23.7,18.1,11.2,1.6,19,36
13.0,26.7,19.4,9.0,1.7,8.0,21.5,6.4,5.6,1.2,14.0,25.7,17.3,10.0,1.6,5.0,20.0,10.8,11.2,1.0,14,14
4.0,17.6,5.9,13.7,0.8,6.0,24.1,11.5,7.1,1.5,9.0,20.2,4.9,10.7,0.8,6.0,21.1,6.4,9.1,1.0,34,21
5.0,21.8,14.2,9.3,1.7,7.0,24.3,13.9,7.9,1.6,5.0,19.9,3.9,7.7,0.9,10.0,23.6,16.6,10.0,1.4,45,25
5.0,21.4,9.7,8.4,1.3,6.0,21.4,13.5,12.5,1.2,5.0,20.9,9.0,14.7,0.8,5.0,20.6,12.3,8.8,1.3,24,9
9.0,22.4,12.7,9.3,1.3,13.0,24.9,16.2,7.9,1.6,7.0,21.9,6.0,4.8,1.1,10.0,22.1,8.9,8.0,1.2,49,14
5.0,21.5,9.7,6.9,1.3,5.0,19.3,12.0,8.9,1.0,13.0,26.7,19.4,9.0,1.7,8.0,21.6,12.0,8.5,1.1,15,26
6.0,20.3,16.2,10.2,1.2,6.0,21.7,8.4,8.4,1.1,5.0,19.1,2.3,9.5,0.7,6.0,21.1,6.4,9.1,1.0,37,22
4.0,20.9,13.4,8.2,1.4,5.0,19.9,3.9,7.7,0.9,7.0,25.8,16.5,7.5,1.7,6.0,24.1,11.5,7.1,1.5,16,38
13.0,26.2,16.7,7.8,1.7,5.0,20.0,10.8,11.2,1.0,7.0,22.8,12.2,7.6,1.3,6.0,23.7,18.1,11.2,1.6,32,30
6.0,20.1,8.7,10.8,0.8,14.0,25.7,17.3,10.0,1.6,6.0,20.7,7.7,9.5,1.0,7.0,24.3,13.9,7.9,1.6,30,25
4.0,22.0,15.0,13.2,1.3,9.0,22.5,6.4,9.5,1.1,5.0,21.8,14.2,9.3,1.7,5.0,21.9,4.1,9.3,1.2,24,27
7.0,22.7,9.5,5.3,1.4,9.0,20.2,4.9,10.7,0.8,5.0,23.1,10.5,4.6,1.3,8.0,21.5,6.4,5.6,1.2,12,15
10.0,23.6,16.6,10.0,1.4,5.0,20.6,4.7,12.7,0.6,4.0,17.6,5.9,13.7,0.8,5.0,18.4,8.4,13.4,0.9,37,12
6.0,24.1,11.5,7.1,1.5,5.0,21.4,9.7,8.4,1.3,8.0,21.6,12.0,8.5,1.1,7.0,22.8,12.2,7.6,1.3,33,30
14.0,25.7,17.3,10.0,1.6,5.0,20.6,12.3,8.8,1.3,13.0,24.9,16.2,7.9,1.6,5.0,19.9,3.9,7.7,0.9,15,35
4.0,22.0,15.0,13.2,1.3,6.0,20.7,7.7,9.5,1.0,7.0,21.9,6.0,4.8,1.1,9.0,22.5,6.4,9.5,1.1,28,12
9.0,20.2,4.9,10.7,0.8,6.0,20.3,16.2,10.2,1.2,5.0,21.8,14.2,9.3,1.7,13.0,26.7,19.4,9.0,1.7,34,31
5.0,18.4,8.4,13.4,0.9,5.0,20.9,9.0,14.7,0.8,5.0,21.5,9.7,6.9,1.3,10.0,22.1,8.9,8.0,1.2,27,30
4.0,20.9,13.4,8.2,1.4,9.0,22.4,12.7,9.3,1.3,5.0,20.0,10.8,11.2,1.0,10.0,23.6,16.6,10.0,1.4,33,24
8.0,21.5,6.4,5.6,1.2,7.0,24.3,13.9,7.9,1.6,6.0,21.7,8.4,8.4,1.1,6.0,23.7,18.1,11.2,1.6,21,35
5.0,19.3,12.0,8.9,1.0,5.0,23.1,10.5,4.6,1.3,7.0,25.8,16.5,7.5,1.7,4.0,17.6,5.9,13.7,0.8,22,27
5.0,19.1,2.3,9.5,0.7,7.0,22.7,9.5,5.3,1.4,13.0,26.2,16.7,7.8,1.7,5.0,21.9,4.1,9.3,1.2,24,33
6.0,21.4,13.5,12.5,1.2,6.0,21.1,6.4,9.1,1.0,6.0,20.1,8.7,10.8,0.8,5.0,20.6,4.7,12.7,0.6,36,19
5.0,18.4,8.4,13.4,0.9,9.0,20.2,4.9,10.7,0.8,5.0,20.6,12.3,8.8,1.3,4.0,22.0,15.0,13.2,1.3,19,29
5.0,19.9,3.9,7.7,0.9,7.0,22.8,12.2,7.6,1.3,5.0,20.9,9.0,14.7,0.8,6.0,20.7,7.7,9.5,1.0,26,16
8.0,21.6,12.0,8.5,1.1,7.0,25.8,16.5,7.5,1.7,14.0,25.7,17.3,10.0,1.6,5.0,21.8,14.2,9.3,1.7,31,38
10.0,22.1,8.9,8.0,1.2,5.0,20.0,10.8,11.2,1.0,6.0,20.3,16.2,10.2,1.2,7.0,22.7,9.5,5.3,1.4,24,37
9.0,22.4,12.7,9.3,1.3,5.0,19.1,2.3,9.5,0.7,6.0,24.1,11.5,7.1,1.5,5.0,23.1,10.5,4.6,1.3,24,39
6.0,23.7,18.1,11.2,1.6,10.0,23.6,16.6,10.0,1.4,5.0,19.3,12.0,8.9,1.0,6.0,21.4,13.5,12.5,1.2,36,31
6.0,20.1,8.7,10.8,0.8,6.0,21.7,8.4,8.4,1.1,9.0,22.5,6.4,9.5,1.1,13.0,24.9,16.2,7.9,1.6,22,37
13.0,26.7,19.4,9.0,1.7,13.0,26.2,16.7,7.8,1.7,5.0,20.6,4.7,12.7,0.6,5.0,21.4,9.7,8.4,1.3,42,10
7.0,21.9,6.0,4.8,1.1,6.0,21.1,6.4,9.1,1.0,4.0,20.9,13.4,8.2,1.4,7.0,24.3,13.9,7.9,1.6,24,39
4.0,17.6,5.9,13.7,0.8,5.0,21.5,9.7,6.9,1.3,8.0,21.5,6.4,5.6,1.2,5.0,21.9,4.1,9.3,1.2,6,30
4.0,22.0,15.0,13.2,1.3,7.0,22.7,9.5,5.3,1.4,9.0,22.4,12.7,9.3,1.3,7.0,22.8,12.2,7.6,1.3,35,24
10.0,23.6,16.6,10.0,1.4,5.0,20.9,9.0,14.7,0.8,6.0,21.7,8.4,8.4,1.1,9.0,20.2,4.9,10.7,0.8,36,15
6.0,23.7,18.1,11.2,1.6,9.0,22.5,6.4,9.5,1.1,5.0,19.9,3.9,7.7,0.9,10.0,22.1,8.9,8.0,1.2,35,12
5.0,20.6,4.7,12.7,0.6,5.0,19.3,12.0,8.9,1.0,5.0,19.1,2.3,9.5,0.7,13.0,24.9,16.2,7.9,1.6,21,13
5.0,21.8,14.2,9.3,1.7,4.0,20.9,13.4,8.2,1.4,5.0,20.6,12.3,8.8,1.3,4.0,17.6,5.9,13.7,0.8,31,25
5.0,21.9,4.1,9.3,1.2,13.0,26.7,19.4,9.0,1.7,7.0,25.8,16.5,7.5,1.7,7.0,24.3,13.9,7.9,1.6,25,32
7.0,21.9,6.0,4.8,1.1,5.0,20.0,10.8,11.2,1.0,5.0,21.5,9.7,6.9,1.3,6.0,24.1,11.5,7.1,1.5,20,31
5.0,23.1,10.5,4.6,1.3,6.0,21.1,6.4,9.1,1.0,14.0,25.7,17.3,10.0,1.6,5.0,21.4,9.7,8.4,1.3,26,31
6.0,20.3,16.2,10.2,1.2,6.0,21.4,13.5,12.5,1.2,8.0,21.6,12.0,8.5,1.1,6.0,20.7,7.7,9.5,1.0,18,35
6.0,20.1,8.7,10.8,0.8,8.0,21.5,6.4,5.6,1.2,13.0,26.2,16.7,7.8,1.7,5.0,18.4,8.4,13.4,0.9,9,15
13.0,26.7,19.4,9.0,1.7,5.0,20.6,12.3,8.8,1.3,7.0,22.7,9.5,5.3,1.4,6.0,23.7,18.1,11.2,1.6,37,19
7.0,24.3,13.9,7.9,1.6,6.0,24.1,11.5,7.1,1.5,5.0,20.6,4.7,12.7,0.6,4.0,22.0,15.0,13.2,1.3,45,28
5.0,21.9,4.1,9.3,1.2,6.0,21.7,8.4,8.4,1.1,5.0,23.1,10.5,4.6,1.3,5.0,20.0,10.8,11.2,1.0,25,19
8.0,21.6,12.0,8.5,1.1,13.0,24.9,16.2,7.9,1.6,4.0,20.9,13.4,8.2,1.4,9.0,20.2,4.9,10.7,0.8,45,23
5.0,21.8,14.2,9.3,1.7,5.0,21.5,9.7,6.9,1.3,6.0,20.1,8.7,10.8,0.8,5.0,19.3,12.0,8.9,1.0,33,16
5.0,19.1,2.3,9.5,0.7,14.0,25.7,17.3,10.0,1.6,5.0,20.9,9.0,14.7,0.8,7.0,21.9,6.0,4.8,1.1,31,28
5.0,18.4,8.4,13.4,0.9,5.0,21.4,9.7,8.4,1.3,9.0,22.5,6.4,9.5,1.1,6.0,20.3,16.2,10.2,1.2,26,6
13.0,26.2,16.7,7.8,1.7,6.0,20.7,7.7,9.5,1.0,10.0,23.6,16.6,10.0,1.4,10.0,22.1,8.9,8.0,1.2,36,27
7.0,25.8,16.5,7.5,1.7,7.0,22.8,12.2,7.6,1.3,6.0,21.1,6.4,9.1,1.0,8.0,21.5,6.4,5.6,1.2,30,12
4.0,17.6,5.9,13.7,0.8,9.0,22.4,12.7,9.3,1.3,5.0,19.9,3.9,7.7,0.9,6.0,21.4,13.5,12.5,1.2,31,19
9.0,20.2,4.9,10.7,0.8,5.0,19.1,2.3,9.5,0.7,6.0,23.7,18.1,11.2,1.6,7.0,21.9,6.0,4.8,1.1,26,44
5.0,21.4,9.7,8.4,1.3,5.0,23.1,10.5,4.6,1.3,13.0,24.9,16.2,7.9,1.6,7.0,24.3,13.9,7.9,1.6,29,42
6.0,20.3,16.2,10.2,1.2,4.0,22.0,15.0,13.2,1.3,4.0,20.9,13.4,8.2,1.4,5.0,21.5,9.7,6.9,1.3,40,22
5.0,20.6,4.7,12.7,0.6,5.0,20.0,10.8,11.2,1.0,5.0,20.9,9.0,14.7,0.8,8.0,21.5,6.4,5.6,1.2,20,27
14.0,25.7,17.3,10.0,1.6,5.0,21.9,4.1,9.3,1.2,9.0,22.4,12.7,9.3,1.3,5.0,19.3,12.0,8.9,1.0,28,20
10.0,22.1,8.9,8.0,1.2,6.0,20.1,8.7,10.8,0.8,4.0,17.6,5.9,13.7,0.8,7.0,22.8,12.2,7.6,1.3,17,20
13.0,26.2,16.7,7.8,1.7,6.0,21.4,13.5,12.5,1.2,5.0,21.8,14.2,9.3,1.7,6.0,24.1,11.5,7.1,1.5,30,26
7.0,25.8,16.5,7.5,1.7,6.0,20.7,7.7,9.5,1.0,5.0,20.6,12.3,8.8,1.3,6.0,21.7,8.4,8.4,1.1,33,24
5.0,19.9,3.9,7.7,0.9,5.0,18.4,8.4,13.4,0.9,13.0,26.7,19.4,9.0,1.7,6.0,21.1,6.4,9.1,1.0,11,40
7.0,22.7,9.5,5.3,1.4,9.0,22.5,6.4,9.5,1.1,10.0,23.6,16.6,10.0,1.4,8.0,21.6,12.0,8.5,1.1,8,24
4.0,17.6,5.9,13.7,0.8,5.0,19.1,2.3,9.5,0.7,5.0,20.0,10.8,11.2,1.0,5.0,21.4,9.7,8.4,1.3,11,39
5.0,20.9,9.0,14.7,0.8,6.0,23.7,18.1,11.2,1.6,6.0,20.3,16.2,10.2,1.2,9.0,22.4,12.7,9.3,1.3,26,35
5.0,23.1,10.5,4.6,1.3,5.0,21.5,9.7,6.9,1.3,6.0,21.4,13.5,12.5,1.2,9.0,20.2,4.9,10.7,0.8,32,12
7.0,21.9,6.0,4.8,1.1,5.0,20.6,12.3,8.8,1.3,6.0,20.1,8.7,10.8,0.8,5.0,21.9,4.1,9.3,1.2,25,21
8.0,21.6,12.0,8.5,1.1,6.0,21.7,8.4,8.4,1.1,5.0,19.9,3.9,7.7,0.9,13.0,26.2,16.7,7.8,1.7,21,37
4.0,20.9,13.4,8.2,1.4,5.0,20.6,4.7,12.7,0.6,14.0,25.7,17.3,10.0,1.6,9.0,22.5,6.4,9.5,1.1,24,43
5.0,21.8,14.2,9.3,1.7,6.0,21.1,6.4,9.1,1.0,6.0,20.7,7.7,9.5,1.0,7.0,22.7,9.5,5.3,1.4,30,19
7.0,24.3,13.9,7.9,1.6,7.0,22.8,12.2,7.6,1.3,5.0,19.3,12.0,8.9,1.0,5.0,18.4,8.4,13.4,0.9,43,24
6.0,24.1,11.5,7.1,1.5,10.0,23.6,16.6,10.0,1.4,8.0,21.5,6.4,5.6,1.2,13.0,24.9,16.2,7.9,1.6,36,24
10.0,22.1,8.9,8.0,1.2,4.0,22.0,15.0,13.2,1.3,13.0,26.7,19.4,9.0,1.7,7.0,25.8,16.5,7.5,1.7,14,46
13.0,26.2,16.7,7.8,1.7,14.0,25.7,17.3,10.0,1.6,10.0,23.6,16.6,10.0,1.4,8.0,21.6,12.0,8.5,1.1,40,25
6.0,24.1,11.5,7.1,1.5,13.0,24.9,16.2,7.9,1.6,5.0,21.8,14.2,9.3,1.7,7.0,22.8,12.2,7.6,1.3,26,29
7.0,24.3,13.9,7.9,1.6,6.0,23.7,18.1,11.2,1.6,5.0,21.5,9.7,6.9,1.3,5.0,20.6,12.3,8.8,1.3,33,31
7.0,25.8,16.5,7.5,1.7,13.0,26.7,19.4,9.0,1.7,5.0,21.4,9.7,8.4,1.3,6.0,20.3,16.2,10.2,1.2,35,16
13.0,26.2,16.7,7.8,1.7,14.0,25.7,17.3,10.0,1.6,4.0,20.9,13.4,8.2,1.4,7.0,22.7,9.5,5.3,1.4,27,22
10.0,23.6,16.6,10.0,1.4,8.0,21.6,12.0,8.5,1.1,9.0,22.4,12.7,9.3,1.3,4.0,22.0,15.0,13.2,1.3,32,24
6.0,24.1,11.5,7.1,1.5,13.0,24.9,16.2,7.9,1.6,9.0,22.5,6.4,9.5,1.1,5.0,23.1,10.5,4.6,1.3,22,15
5.0,21.8,14.2,9.3,1.7,7.0,22.8,12.2,7.6,1.3,4.0,17.6,5.9,13.7,0.8,6.0,21.4,13.5,12.5,1.2,34,27
7.0,24.3,13.9,7.9,1.6,6.0,23.7,18.1,11.2,1.6,8.0,21.5,6.4,5.6,1.2,6.0,20.1,8.7,10.8,0.8,44,23
5.0,21.9,4.1,9.3,1.2,6.0,20.7,7.7,9.5,1.0,5.0,21.5,9.7,6.9,1.3,5.0,20.6,12.3,8.8,1.3,22,22
5.0,21.9,4.1,9.3,1.2,6.0,20.7,7.7,9.5,1.0,5.0,21.5,9.7,6.9,1.3,5.0,20.6,12.3,8.8,1.3,19,22
7.0,25.8,16.5,7.5,1.7,13.0,26.7,19.4,9.0,1.7,5.0,20.0,10.8,11.2,1.0,5.0,20.6,4.7,12.7,0.6,44,15
5.0,21.4,9.7,8.4,1.3,6.0,20.3,16.2,10.2,1.2,6.0,21.7,8.4,8.4,1.1,9.0,20.2,4.9,10.7,0.8,32,7
6.0,23.5,17.4,8.4,1.6,4.0,19.4,11.6,10.3,1.2,4.0,15.8,3.5,10.5,0.4,5.0,18.9,9.9,11.7,1.2,30,19
7.0,21.1,13.2,9.9,1.4,3.0,17.0,9.8,13.1,1.1,3.0,18.9,14.2,12.9,1.5,4.0,14.9,3.4,11.5,0.4,33,27
4.0,15.2,5.0,18.3,0.5,5.0,16.5,6.3,14.7,0.8,4.0,16.9,5.3,9.5,1.0,3.0,17.2,12.8,13.6,0.9,8,43
3.0,17.3,9.9,11.7,1.1,4.0,15.2,4.6,15.7,0.7,4.0,16.1,8.8,8.1,0.9,4.0,16.3,7.8,11.4,0.7,28,13
9.0,21.3,13.0,6.0,1.4,4.0,16.6,5.6,7.5,1.0,5.0,20.7,16.0,8.6,1.5,4.0,14.3,4.5,11.7,0.7,20,15
3.0,17.4,15.7,8.8,1.6,4.0,17.0,8.8,11.5,0.8,4.0,16.1,8.3,13.3,0.7,4.0,16.8,7.6,10.7,0.7,29,16
6.0,23.2,18.8,9.6,1.5,3.0,17.7,13.1,10.3,1.0,6.0,23.5,17.6,7.9,1.6,7.0,19.6,5.7,10.5,0.9,24,28
5.0,20.7,15.3,4.5,1.4,4.0,16.1,6.6,9.8,1.0,5.0,21.2,17.5,9.7,1.5,6.0,18.6,9.4,9.4,1.2,15,37
3.0,17.8,11.8,11.0,1.0,5.0,18.1,12.4,11.6,0.8,8.0,25.1,20.6,7.4,2.0,5.0,17.7,9.7,9.7,1.0,27,34
7.0,19.9,8.3,10.1,1.2,6.0,21.0,11.1,13.0,1.1,4.0,16.7,7.2,9.9,0.9,5.0,18.0,9.2,9.8,1.2,29,11
4.0,16.3,7.8,11.4,0.7,4.0,14.9,3.4,11.5,0.4,6.0,23.5,17.4,8.4,1.6,9.0,21.3,13.0,6.0,1.4,19,22
4.0,16.8,7.6,10.7,0.7,7.0,19.6,5.7,10.5,0.9,5.0,16.5,6.3,14.7,0.8,4.0,16.6,5.6,7.5,1.0,19,10
5.0,21.2,17.5,9.7,1.5,5.0,20.7,16.0,8.6,1.5,4.0,15.2,4.6,15.7,0.7,4.0,19.4,11.6,10.3,1.2,34,23
6.0,23.2,18.8,9.6,1.5,3.0,17.2,12.8,13.6,0.9,3.0,17.0,9.8,13.1,1.1,5.0,18.1,12.4,11.6,0.8,40,17
3.0,18.9,14.2,12.9,1.5,5.0,18.0,9.2,9.8,1.2,4.0,16.1,6.6,9.8,1.0,3.0,17.8,11.8,11.0,1.0,27,27
4.0,16.1,8.3,13.3,0.7,5.0,18.9,9.9,11.7,1.2,6.0,21.0,11.1,13.0,1.1,3.0,17.7,13.1,10.3,1.0,21,11
4.0,15.8,3.5,10.5,0.4,5.0,20.7,15.3,4.5,1.4,3.0,17.4,15.7,8.8,1.6,3.0,17.3,9.9,11.7,1.1,24,25
8.0,25.1,20.6,7.4,2.0,4.0,16.7,7.2,9.9,0.9,4.0,16.1,8.8,8.1,0.9,4.0,15.2,5.0,18.3,0.5,33,20
6.0,23.5,17.6,7.9,1.6,4.0,14.3,4.5,11.7,0.7,7.0,19.9,8.3,10.1,1.2,7.0,21.1,13.2,9.9,1.4,12,29
6.0,18.6,9.4,9.4,1.2,4.0,16.9,5.3,9.5,1.0,4.0,17.0,8.8,11.5,0.8,5.0,17.7,9.7,9.7,1.0,21,17
3.0,18.9,14.2,12.9,1.5,5.0,21.2,17.5,9.7,1.5,7.0,19.6,5.7,10.5,0.9,6.0,23.5,17.4,8.4,1.6,21,36
3.0,17.7,13.1,10.3,1.0,3.0,17.2,12.8,13.6,0.9,4.0,15.8,3.5,10.5,0.4,4.0,14.9,3.4,11.5,0.4,19,10
9.0,21.3,13.0,6.0,1.4,3.0,17.3,9.9,11.7,1.1,4.0,16.7,7.2,9.9,0.9,4.0,16.8,7.6,10.7,0.7,30,18
7.0,21.1,13.2,9.9,1.4,6.0,21.0,11.1,13.0,1.1,4.0,16.6,5.6,7.5,1.0,8.0,25.1,20.6,7.4,2.0,21,33
5.0,17.7,9.7,9.7,1.0,3.0,17.0,9.8,13.1,1.1,5.0,16.5,6.3,14.7,0.8,7.0,19.9,8.3,10.1,1.2,29,25
4.0,19.4,11.6,10.3,1.2,4.0,14.3,4.5,11.7,0.7,6.0,23.2,18.8,9.6,1.5,4.0,16.1,8.3,13.3,0.7,10,40
4.0,16.1,8.8,8.1,0.9,5.0,18.1,12.4,11.6,0.8,4.0,17.0,8.8,11.5,0.8,5.0,20.7,15.3,4.5,1.4,13,34
4.0,15.2,5.0,18.3,0.5,5.0,18.0,9.2,9.8,1.2,6.0,18.6,9.4,9.4,1.2,3.0,17.4,15.7,8.8,1.6,18,37
4.0,16.9,5.3,9.5,1.0,4.0,16.1,6.6,9.8,1.0,5.0,18.9,9.9,11.7,1.2,4.0,15.2,4.6,15.7,0.7,22,11
3.0,17.8,11.8,11.0,1.0,4.0,16.3,7.8,11.4,0.7,5.0,20.7,16.0,8.6,1.5,6.0,23.5,17.6,7.9,1.6,21,43
5.0,17.7,9.7,9.7,1.0,6.0,23.5,17.4,8.4,1.6,7.0,21.1,13.2,9.9,1.4,4.0,16.1,8.3,13.3,0.7,31,33
3.0,18.9,14.2,12.9,1.5,5.0,16.5,6.3,14.7,0.8,5.0,20.7,15.3,4.5,1.4,6.0,23.2,18.8,9.6,1.5,8,42
4.0,14.3,4.5,11.7,0.7,3.0,17.0,9.8,13.1,1.1,3.0,17.3,9.9,11.7,1.1,3.0,17.7,13.1,10.3,1.0,18,20
4.0,15.2,4.6,15.7,0.7,4.0,16.6,5.6,7.5,1.0,5.0,18.0,9.2,9.8,1.2,5.0,18.1,12.4,11.6,0.8,31,24
6.0,23.5,17.6,7.9,1.6,3.0,17.4,15.7,8.8,1.6,6.0,21.0,11.1,13.0,1.1,5.0,21.2,17.5,9.7,1.5,33,34
7.0,19.9,8.3,10.1,1.2,4.0,15.8,3.5,10.5,0.4,3.0,17.8,11.8,11.0,1.0,4.0,16.9,5.3,9.5,1.0,8,8
4.0,16.7,7.2,9.9,0.9,4.0,17.0,8.8,11.5,0.8,4.0,16.1,6.6,9.8,1.0,3.0,17.2,12.8,13.6,0.9,25,21
8.0,25.1,20.6,7.4,2.0,4.0,16.8,7.6,10.7,0.7,4.0,16.3,7.8,11.4,0.7,4.0,19.4,11.6,10.3,1.2,42,21
4.0,16.1,8.8,8.1,0.9,5.0,18.9,9.9,11.7,1.2,9.0,21.3,13.0,6.0,1.4,6.0,18.6,9.4,9.4,1.2,15,27
5.0,20.7,16.0,8.6,1.5,7.0,19.6,5.7,10.5,0.9,4.0,15.2,5.0,18.3,0.5,4.0,14.9,3.4,11.5,0.4,36,0
4.0,16.9,5.3,9.5,1.0,6.0,23.5,17.6,7.9,1.6,5.0,18.0,9.2,9.8,1.2,6.0,23.5,17.4,8.4,1.6,25,22
5.0,18.1,12.4,11.6,0.8,3.0,17.4,15.7,8.8,1.6,3.0,18.9,14.2,12.9,1.5,4.0,14.3,4.5,11.7,0.7,21,26
4.0,15.2,4.6,15.7,0.7,4.0,16.8,7.6,10.7,0.7,3.0,17.7,13.1,10.3,1.0,5.0,17.7,9.7,9.7,1.0,19,24
3.0,17.2,12.8,13.6,0.9,7.0,21.1,13.2,9.9,1.4,3.0,17.8,11.8,11.0,1.0,4.0,16.1,8.8,8.1,0.9,18,36
4.0,15.2,5.0,18.3,0.5,4.0,16.1,6.6,9.8,1.0,4.0,19.4,11.6,10.3,1.2,3.0,17.0,9.8,13.1,1.1,19,29
5.0,20.7,16.0,8.6,1.5,4.0,16.7,7.2,9.9,0.9,5.0,20.7,15.3,4.5,1.4,5.0,18.9,9.9,11.7,1.2,4,15
4.0,14.9,3.4,11.5,0.4,6.0,23.2,18.8,9.6,1.5,6.0,21.0,11.1,13.0,1.1,4.0,17.0,8.8,11.5,0.8,30,16
6.0,18.6,9.4,9.4,1.2,4.0,16.6,5.6,7.5,1.0,4.0,16.3,7.8,11.4,0.7,7.0,19.9,8.3,10.1,1.2,10,22
4.0,16.1,8.3,13.3,0.7,7.0,19.6,5.7,10.5,0.9,9.0,21.3,13.0,6.0,1.4,4.0,15.8,3.5,10.5,0.4,6,16
5.0,16.5,6.3,14.7,0.8,8.0,25.1,20.6,7.4,2.0,3.0,17.3,9.9,11.7,1.1,5.0,21.2,17.5,9.7,1.5,28,17
5.0,17.7,9.7,9.7,1.0,5.0,20.7,15.3,4.5,1.4,6.0,23.5,17.6,7.9,1.6,4.0,15.2,5.0,18.3,0.5,10,24
4.0,14.9,3.4,11.5,0.4,4.0,15.2,4.6,15.7,0.7,4.0,16.7,7.2,9.9,0.9,4.0,14.3,4.5,11.7,0.7,3,30
6.0,21.0,11.1,13.0,1.1,5.0,18.1,12.4,11.6,0.8,4.0,16.1,6.6,9.8,1.0,5.0,20.7,16.0,8.6,1.5,24,36
3.0,17.8,11.8,11.0,1.0,4.0,17.0,8.8,11.5,0.8,4.0,19.4,11.6,10.3,1.2,9.0,21.3,13.0,6.0,1.4,26,27
4.0,16.1,8.3,13.3,0.7,5.0,21.2,17.5,9.7,1.5,3.0,17.2,12.8,13.6,0.9,4.0,16.3,7.8,11.4,0.7,34,29
3.0,17.7,13.1,10.3,1.0,6.0,23.5,17.4,8.4,1.6,5.0,16.5,6.3,14.7,0.8,6.0,18.6,9.4,9.4,1.2,38,31
7.0,19.9,8.3,10.1,1.2,5.0,18.9,9.9,11.7,1.2,8.0,25.1,20.6,7.4,2.0,6.0,23.2,18.8,9.6,1.5,13,53
3.0,17.3,9.9,11.7,1.1,3.0,18.9,14.2,12.9,1.5,4.0,16.9,5.3,9.5,1.0,4.0,16.6,5.6,7.5,1.0,29,11
4.0,16.1,8.8,8.1,0.9,7.0,19.6,5.7,10.5,0.9,3.0,17.0,9.8,13.1,1.1,3.0,17.4,15.7,8.8,1.6,30,16
5.0,18.0,9.2,9.8,1.2,4.0,15.8,3.5,10.5,0.4,4.0,16.8,7.6,10.7,0.7,7.0,21.1,13.2,9.9,1.4,3,28
5.0,16.5,6.3,14.7,0.8,4.0,16.7,7.2,9.9,0.9,5.0,18.1,12.4,11.6,0.8,4.0,16.1,8.3,13.3,0.7,22,17
4.0,16.1,6.6,9.8,1.0,6.0,23.5,17.6,7.9,1.6,4.0,14.9,3.4,11.5,0.4,8.0,25.1,20.6,7.4,2.0,35,35
4.0,17.0,8.8,11.5,0.8,7.0,19.9,8.3,10.1,1.2,3.0,17.7,13.1,10.3,1.0,5.0,20.7,16.0,8.6,1.5,27,37
6.0,18.6,9.4,9.4,1.2,4.0,19.4,11.6,10.3,1.2,6.0,21.0,11.1,13.0,1.1,3.0,17.3,9.9,11.7,1.1,33,21
4.0,16.1,8.8,8.1,0.9,6.0,23.5,17.4,8.4,1.6,4.0,14.3,4.5,11.7,0.7,4.0,16.8,7.6,10.7,0.7,45,14
3.0,17.2,12.8,13.6,0.9,5.0,17.7,9.7,9.7,1.0,7.0,19.6,5.7,10.5,0.9,5.0,18.0,9.2,9.8,1.2,36,18
4.0,16.3,7.8,11.4,0.7,5.0,20.7,15.3,4.5,1.4,4.0,16.9,5.3,9.5,1.0,3.0,17.0,9.8,13.1,1.1,37,11
4.0,16.6,5.6,7.5,1.0,5.0,18.9,9.9,11.7,1.2,3.0,17.4,15.7,8.8,1.6,3.0,17.8,11.8,11.0,1.0,17,38
4.0,15.8,3.5,10.5,0.4,4.0,15.2,5.0,18.3,0.5,4.0,15.2,4.6,15.7,0.7,3.0,18.9,14.2,12.9,1.5,13,36
6.0,23.2,18.8,9.6,1.5,9.0,21.3,13.0,6.0,1.4,5.0,21.2,17.5,9.7,1.5,7.0,21.1,13.2,9.9,1.4,18,20
5.0,20.7,16.0,8.6,1.5,5.0,18.0,9.2,9.8,1.2,4.0,16.1,8.8,8.1,0.9,4.0,16.1,8.3,13.3,0.7,37,25
4.0,16.9,5.3,9.5,1.0,8.0,25.1,20.6,7.4,2.0,4.0,14.3,4.5,11.7,0.7,7.0,19.6,5.7,10.5,0.9,37,0
4.0,14.9,3.4,11.5,0.4,4.0,19.4,11.6,10.3,1.2,5.0,17.7,9.7,9.7,1.0,3.0,17.4,15.7,8.8,1.6,4,35
4.0,16.3,7.8,11.4,0.7,4.0,15.8,3.5,10.5,0.4,4.0,16.1,6.6,9.8,1.0,5.0,16.5,6.3,14.7,0.8,10,22
3.0,17.7,13.1,10.3,1.0,5.0,21.2,17.5,9.7,1.5,5.0,18.1,12.4,11.6,0.8,4.0,15.2,5.0,18.3,0.5,29,17
4.0,16.7,7.2,9.9,0.9,6.0,23.2,18.8,9.6,1.5,4.0,16.6,5.6,7.5,1.0,6.0,23.5,17.4,8.4,1.6,21,30
4.0,16.8,7.6,10.7,0.7,6.0,18.6,9.4,9.4,1.2,6.0,23.5,17.6,7.9,1.6,3.0,18.9,14.2,12.9,1.5,25,35
6.0,21.0,11.1,13.0,1.1,3.0,17.0,9.8,13.1,1.1,4.0,15.2,4.6,15.7,0.7,3.0,17.8,11.8,11.0,1.0,26,14
3.0,17.3,9.9,11.7,1.1,7.0,21.1,13.2,9.9,1.4,5.0,18.9,9.9,11.7,1.2,4.0,17.0,8.8,11.5,0.8,33,23
7.0,19.9,8.3,10.1,1.2,9.0,21.3,13.0,6.0,1.4,3.0,17.2,12.8,13.6,0.9,5.0,20.7,15.3,4.5,1.4,3,23
8.0,25.1,20.6,7.4,2.0,6.0,23.2,18.8,9.6,1.5,7.0,19.6,5.7,10.5,0.9,4.0,19.4,11.6,10.3,1.2,35,3
7.0,21.1,13.2,9.9,1.4,9.0,21.3,13.0,6.0,1.4,5.0,17.7,9.7,9.7,1.0,5.0,18.1,12.4,11.6,0.8,24,30
6.0,23.5,17.6,7.9,1.6,6.0,23.5,17.4,8.4,1.6,4.0,16.1,8.3,13.3,0.7,4.0,16.6,5.6,7.5,1.0,47,25
5.0,21.2,17.5,9.7,1.5,5.0,20.7,16.0,8.6,1.5,3.0,17.3,9.9,11.7,1.1,3.0,18.9,14.2,12.9,1.5,42,30
8.0,25.1,20.6,7.4,2.0,6.0,23.2,18.8,9.6,1.5,4.0,15.2,4.6,15.7,0.7,5.0,16.5,6.3,14.7,0.8,42,13
7.0,19.6,5.7,10.5,0.9,4.0,19.4,11.6,10.3,1.2,6.0,18.6,9.4,9.4,1.2,5.0,20.7,15.3,4.5,1.4,20,14
7.0,21.1,13.2,9.9,1.4,9.0,21.3,13.0,6.0,1.4,4.0,16.7,7.2,9.9,0.9,7.0,19.9,8.3,10.1,1.2,42,24
3.0,17.7,13.1,10.3,1.0,3.0,17.4,15.7,8.8,1.6,5.0,17.7,9.7,9.7,1.0,5.0,18.1,12.4,11.6,0.8,25,33
6.0,23.5,17.6,7.9,1.6,6.0,23.5,17.4,8.4,1.6,3.0,17.0,9.8,13.1,1.1,6.0,21.0,11.1,13.0,1.1,50,13
4.0,16.9,5.3,9.5,1.0,5.0,18.9,9.9,11.7,1.2,4.0,16.1,8.3,13.3,0.7,4.0,16.6,5.6,7.5,1.0,8,24
5.0,21.2,17.5,9.7,1.5,5.0,20.7,16.0,8.6,1.5,4.0,16.1,6.6,9.8,1.0,4.0,14.3,4.5,11.7,0.7,49,3
3.0,17.3,9.9,11.7,1.1,3.0,18.9,14.2,12.9,1.5,3.0,17.2,12.8,13.6,0.9,4.0,17.0,8.8,11.5,0.8,30,22
